code_region,region,nombre_offres,offres_alternance,codes_rome_distincts
44.0,Grand Est,95,4,30
24.0,Centre-Val de Loire,38,1,19
93.0,Provence-Alpes-Côte d'Azur,113,3,42
52.0,Pays de la Loire,119,5,29
53.0,Bretagne,73,3,27
75.0,Nouvelle-Aquitaine,160,7,41
27.0,Bourgogne-Franche-Comté,23,1,9
1.0,Guadeloupe,1,1,1
84.0,Auvergne-Rhône-Alpes,287,11,52
76.0,Occitanie,137,4,43
32.0,Hauts-de-France,139,3,35
3.0,Guyane,5,0,3
94.0,Corse,1,0,1
28.0,Normandie,24,2,13
4.0,La Réunion,11,2,4
0.0,Collectivités d'outre-mer,3,0,2
11.0,Ile-de-France,1244,62,153
,,41,0,16
2.0,Martinique,5,0,3
