competence_code,competence_libelle_rome,nombre_offres,codes_rome_distincts
116314,MySQL,5,1
300383,"Réaliser une veille de marché, une veille concurrentielle",6,2
120317,Assurer le suivi de la qualité des données,3,1
486880,Analyser les besoins fonctionnels des utilisateurs,6,1
102788,HTML,2,2
107034,Spécificités d'un moteur électrique,1,1
404328,Assurer la maintenance préventive et les améliorations des infrastructures numériques,3,1
503850,Argumenter pour obtenir des financements,1,1
300195,"Concevoir un logiciel, un système d'informations, une application",16,3
300245,"Piloter une démarche qualité, un processus d'amélioration continue",3,2
113312,"Optimiser des algorithmes, une application informatique et mettre en oeuvre leur développement",10,4
126535,Réaliser des études et développements informatiques,3,2
501385,Assurer la sécurité des données,1,1
400192,Optimiser les processus de qualité pour assurer la fiabilité des logiciels,5,2
109920,Restituer et mettre en forme les données géographiques pour l'édition cartographique,2,1
119245,Collaborer avec une équipe projet,18,2
300196,"Concevoir l'architecture d'un système, d'un réseau",5,3
400199,Analyser les besoins informatiques,13,4
120803,Programmation logicielle,5,3
101397,Modélisation et simulation,3,2
117691,Définir les solutions de stockage et de structuration des données,5,2
125897,Développer des méthodes de recherche innovantes,1,1
116349,Déploiement de services cloud (cloud computing),8,3
300282,"Entretenir, nettoyer un espace, un lieu, un local",4,3
405051,Concevoir un plan d'analyse statistique,1,1
115921,Big data Analytics,5,2
505354,Configurer des serveurs pour des applications Cloud,1,1
300258,Contrôler la qualité et la conformité des process,3,2
300587,Concevoir et maintenir un système de cybersécurité,1,1
100213,Matériel de levage,1,1
104547,Pneumatique,5,2
118673,Maintenance préventive et curative de deuxième niveau,1,1
486523,Résoudre les problèmes techniques et bugs des sites,3,1
482509,Communiquer efficacement par écrit les résultats des tests,3,1
103059,Cartographie et SIG,1,1
483974,Former les utilisateurs aux bonnes pratiques de sécurité informatique,1,1
503744,Identifier les opportunités d'automatisation des processus,2,1
300203,Gérer une base de données numériques,1,1
400553,"Déposer les appareils et tuyauteries obsolètes (changement, rénovation)",1,1
508629,Assurer la maintenance et l'actualisation des systèmes d'IA,2,1
300202,"Déployer, intégrer un logiciel, un système d'informations, une application",8,2
109854,Systèmes d'exploitation informatique,3,2
116757,Systèmes d'information,1,1
485330,Assurer la formation des utilisateurs sur les nouveaux outils ou systèmes,2,1
508397,Collaborer avec des équipes internationales pour des projets de recherche,1,1
503742,Développer des stratégies pour l'intégration des systèmes,2,1
120327,Analyser des données techniques pour optimiser les processus,2,2
485578,Collaborer avec des designers pour développer de nouveaux produits,1,1
489283,Respecter les règles de sécurité,1,1
501128,Communiquer des insights clés aux parties prenantes,2,1
126530,Dépanner des équipements informatiques,1,1
108517,"Concevoir et préparer les cours, les travaux dirigés ou les travaux pratiques",1,1
108475,Développer une démarche pédagogique pour l'enseignement des savoirs fondamentaux,1,1
403421,Assurer le suivi des chiffres de vente et réaliser le reporting associé,1,1
300641,Piloter les fonctionnalités des équipements et systèmes de sécurité informatique,2,1
109797,Définir la stratégie des systèmes d'informations,4,1
300207,Maîtriser les caractéristiques d'un produit ou d'un matériau,2,1
503407,Faciliter l'adoption de nouvelles technologies,2,1
300428,Utiliser des logiciels spécifiques,2,1
118748,Méthodologie Scrum,1,1
124959,Cuire des pièces de viennoiserie,1,1
121841,"Surveillance des systèmes de sécurité (pare-feu, VPN, systèmes de détection d'intrusion)",1,1
104548,Informatique,1,1
125901,Mettre en place des outils d'aide à la décision,1,1
104552,Régulation et instrumentation,1,1
100113,Logiciels de gestion de base de données,4,2
100017,Règles de sécurité,1,1
400298,Elaborer et mettre en oeuvre un plan de tests,2,2
486361,Planifier des sessions de brainstorming pour l'innovation en données,2,1
485223,Tester et valider les fonctionnalités du logiciel,3,1
123307,Actualiser des données d'activité,1,1
486357,Evaluer l'impact des changements stratégiques sur les indicateurs de performance (KPI),1,1
485122,Planifier les interventions en fonction des disponibilités des clients,1,1
120699,Entretenir le linge,1,1
117218,Application des méthodes de machine learning dans BI,2,1
486359,Améliorer continuellement les méthodes d'analyse,1,1
484038,Promouvoir la collaboration entre les développeurs et les opérateurs pour une meilleure intégration,1,1
300067,"Analyser, exploiter, structurer des données",152,10
109527,Adapter les outils de traitement statistique de données,103,3
300664,Rédiger des documents d'ingénierie (rédaction des spécifications fonctionnelles et livrables techniques des solutions),4,1
483667,Assurer une communication claire et efficace avec l'équipe,5,1
485379,Concevoir des architectures réseau optimisées,2,1
483975,"Documenter les procédures de sécurité, ainsi que les incidents",2,1
300452,"Collecter et analyser des données, des informations",8,5
300199,"Développer un logiciel, un système d'informations, une application",18,2
300492,Actualiser régulièrement ses connaissances,10,6
300114,Réaliser un montage son ou vidéo,1,1
484119,Gérer les versions de logiciels et leurs mises à jour,1,1
484914,Collaborer avec les développeurs pour améliorer la qualité du logiciel,3,1
400367,Analyser des données pour prendre des décisions stratégiques,10,3
404167,Gérer et maitriser des bases de données (SQL/NoSQL),13,2
119161,Identifier les contraintes d'un projet,3,1
120326,Recenser les besoins du commanditaire,20,1
493946,Développement de produits basés sur l'IA,7,1
501389,Documenter les procédures de gestion des bases de données,1,1
300113,Concevoir des supports de communication et d'image,4,1
484408,Optimiser la visibilité des publications sur les réseaux sociaux,4,1
117024,Proposer des améliorations pour augmenter l'efficacité des systèmes,3,2
513457,Utiliser l'anglais dans un contexte professionnel,12,3
404121,Data engineer,7,1
486963,Optimiser les performances des systèmes cloud,9,2
300085,Conduire des travaux d'études et de recherche,12,2
503739,Assurer le support technique de niveau avancé,3,1
480869,Machine Learning,2,1
400796,Vérifier la compatibilité des développements produits avec les spécifications,2,1
104536,Réaliser l'analyse fonctionnelle de l'installation et la décliner en un programme d'automatisation,2,1
109814,Réseaux informatiques et télécoms,1,1
503735,Proposer des améliorations pour les systèmes existants,2,1
508467,Développer des stratégies d'innovation adaptées aux besoins du marché,1,1
404369,Piloter les étapes d'un projet agile et innovant,2,1
481378,Cybersécurité,1,1
501124,Interpréter des résultats d'analyses pour des décisions stratégiques,2,1
400775,Analyser les indicateurs pertinents sur les tendances et les usages des clients,1,1
402277,Rédiger et élaborer des notices et fiches techniques,2,1
484345,Surveiller le bon fonctionnement des machines,1,1
101399,Marketing (mercatique),2,2
106362,Circuits hydrauliques,4,1
477660,Sécurité des systèmes d'information,2,2
402185,Participer à des projets de recherche et développement,1,1
505357,Diagnostiquer et résoudre les problèmes techniques du Cloud,8,1
493976,Développement de solutions informatiques,1,1
522194,Analyser les écarts ou incohérences dans les données,1,1
491917,Adaptation des IA aux besoins spécifiques,1,1
504455,Respecter les normes éthiques dans le développement de l'IA,1,1
115552,Gérer les droits d'accès des utilisateurs,3,2
482282,Encourager l'innovation responsable,1,1
405291,Faciliter l'intégration de solutions d'intelligence artificielle dans les projets existants,3,2
483054,Assurer la conformité des installations avec les normes en vigueur,1,1
300375,"Organiser, aménager un espace de vente",1,1
125763,Installer le matériel et les équipements sur un lieu de tournage,1,1
122027,Définir l'implantation des éléments d'un équipement,1,1
484478,Développer des scripts pour automatiser les tâches,2,1
484314,Analyser les retours clients pour améliorer les produits ou services,1,1
300201,Intégrer des produits Data dans les processus métiers,1,1
501125,Concevoir des tableaux de bord pour le suivi des performances,3,1
114975,"Réaliser un dépannage sur site ou le remorquage d'un engin (engin de chantier, machine agricole, etc.)",1,1
491242,Ingénieur diplômé de l'école nationale supérieure d'informatique pour l'industrie et l'entreprise spécialité informatique,2,2
508619,Implémenter des solutions d'IA dans des environnements de production,2,1
109851,Gestion des configurations,2,1
103157,"Interpréter les relevés géologiques de sols, sous-sols, roches et étudier les caractéristiques (étendues, compositions, géométrie, etc.)",1,1
300185,Réaliser un diagnostic technique,2,2
121691,Analyse des besoins des clients,1,1
300148,Elaborer des actions ou des règles de prévention,1,1
300007,Gérer la mobilité et les parcours professionnels,1,1
123012,Analyser la recevabilité d'une demande de crédit,1,1
498956,Techniques d'optimisation pour IA,1,1
477124,Gestion de bases de données biologiques,1,1
109971,Diagnostiquer la nature et l'origine des incidents et mettre en oeuvre les mesures correctives,13,2
122776,Installer des équipements optionnels ou complémentaires d'adaptation aux engins de chantier,1,1
477206,Analyse de performance,1,1
494990,Gestion des brevets et propriété intellectuelle,1,1
504654,Préparer et présenter des rapports financiers détaillés aux parties prenantes,1,1
300457,Définir et faire évoluer des procédés de traitement de l'information,37,1
300488,Concevoir et gérer un projet,93,11
106740,"Positionner et fixer les groupes, condenseurs, tubes, câbles électriques",1,1
479261,Optimisation des processus DevOps,3,1
300026,Concevoir l'ingénierie de formation et les séquences pédagogiques,3,2
481371,Gestion de projet informatique,2,1
522155,Déployer le code de façon conteneurisée,6,2
109916,Réaliser les relevés terrain et collecter des données alphanumériques et graphiques,2,1
400568,Paramétrer un logiciel métier et l'interfacer à d'autres applicatifs,5,1
402213,Mobiliser des données massives pour éclairer les prises de décisions,3,1
404054,"Maîtrise d'un outil de gestion de flux (Kafka, Flink…)",8,1
122889,Collecter l'ensemble des justificatifs clients,1,1
300204,Administrer un système d'informations,21,4
116477,Indicateurs de suivi d'activité,2,1
117698,Concevoir des modèles de détection des insights consommateurs,1,1
486791,Implémenter des solutions de sécurité informatique,2,2
400759,Intégrer des outils IA/Data Science,10,3
120940,Analyser des résultats d'exploitation bio-informatiques,2,1
109918,Identifier et interpréter les données et caractéristiques géographiques et analyser les résultats,2,1
484491,Optimiser l'utilisation des ressources cloud,1,1
400145,Proposer des pistes d'amélioration des solutions,6,2
125281,Mener des travaux de recherche,1,1
119415,Logiciel de supervision,3,1
482455,Respecter les normes de confidentialité des données génétiques,1,1
104537,Paramétrer un programme d'automatisation pour un automate programmable,2,1
501946,Mettre en place des solutions de sauvegarde et de récupération des données,2,1
119494,Management stratégique,1,1
109862,Architecture web,7,4
501123,Optimiser des processus d'analyse de données,2,1
405431,Accompagner et former un client sur l'applicatif métier ou l'interface utilisateur,3,1
300449,Expliquer et faire respecter les règles et procédures,6,3
400454,Evaluer les risques SIC (système information et communication),1,1
117697,Contrôler la qualité d'une base de données,1,1
494932,Gestion de projets IA,1,1
400707,Animer une démarche agile et innovante,4,3
482454,Communiquer des résultats de recherche à des non-spécialistes,1,1
494049,Documentation technique,1,1
107957,Laver des vitres ou d'autres surfaces,1,1
300435,"Optimiser les effectifs, l'adéquation et l'allocation des ressources",1,1
402072,"Concevoir, conduire et vérifier des travaux d'analyse en laboratoire dans le respect des Bonnes Pratiques de Laboratoire (BPL)",1,1
123775,Assembler les éléments d'un engin ou d'un matériel,1,1
106408,Inspecter visuellement les produits finis pour détecter les défauts,2,1
120743,Système de Gestion de Bases de Données (SGBD),2,2
101738,"Caractéristiques des farines levure, additifs",1,1
300575,Allouer et organiser les ressources d'un projet selon les besoins et contraintes,2,1
508621,Communiquer clairement les concepts d'IA aux parties prenantes non techniques,1,1
119407,Utilisation de logiciels de cartographie,1,1
508631,Collaborer avec des experts en éthique pour évaluer les projets d'IA,2,1
107948,"Dépoussiérer les sols, les tapis, les meubles, les objets et aérer, désodoriser les pièces",4,1
108788,Présenter et expliciter les avancées scientifiques et les travaux de recherche,1,1
497176,Rédaction de publications scientifiques,1,1
122320,"Corriger des évaluations (exercices, travaux pratiques, examens)",1,1
100518,Techniques de montage audiovisuel,1,1
507960,Assurer la liaison entre les différents départements techniques,1,1
300177,"Entretenir, nettoyer un produit ou du matériel",1,1
123324,Collecter des données statistiques,1,1
125943,Optimiser une activité commerciale,1,1
114279,"Concevoir des modèles géologiques théoriques, prédictifs de sols, sous-sols (calcul, simulation, modélisation)",1,1
482446,Concevoir des systèmes de reporting pour le suivi des performances,1,1
513111,Interpréter des résultats de campagne média,1,1
482950,Proposer des solutions adaptées aux problématiques de santé,1,1
400165,Concevoir la cartographie fonctionnelle du SI,1,1
109818,Elaborer des solutions techniques et fonctionnelles,21,2
300469,"Préparer et animer une réunion, un groupe de travail, un atelier",9,4
300496,Identifier ses axes de progrès,4,1
484489,Améliorer la qualité du code par des revues systématiques,2,1
116402,Formaliser les résultats d'une étude statistique de données,3,1
109565,"Analyser les besoins de l'entreprise en formation, en recrutement et en mobilité professionnelle",4,2
109846,Concevoir une application web,81,6
508617,Optimiser les performances des systèmes d'IA,58,1
300242,Déterminer des mesures correctives,111,3
109979,Surveiller le fonctionnement d'applicatifs et logiciels,4,2
106679,Changer ou réparer une pièce ou un ensemble défectueux,1,1
300241,"Evaluer la mise en œuvre d'un projet, d'un plan d'action",1,1
113255,Utilisation d'outils Business Intelligence (BI) - Informatique décisionnelle,14,4
508630,Analyser les tendances du marché pour anticiper les évolutions de l'IA,1,1
486520,Configurer des serveurs web et gérer le déploiement,1,1
300019,Accompagner l'appropriation d'un outil par ses utilisateurs,5,2
403927,Collaborer dans un groupe pour réaliser un projet,8,1
491506,"Administrateur systèmes, réseaux et sécurité",1,1
122032,"Calculer les marges, la rentabilité d'un produit ou d'une activité",2,1
478203,Analyse de données opérationnelles,5,1
122455,Sélectionner des canaux de communication,1,1
109794,Intelligence artificielle,8,3
300152,Préparer du matériel en prévision d'un travail,2,2
300386,"Elaborer un plan marketing, une stratégie de marque et de communication",1,1
102226,Normes rédactionnelles,1,1
491247,Master mention informatique,7,4
494232,Evaluation de modèles d'IA,1,1
507589,Concevoir des architectures de sécurité,1,1
109870,Java,10,4
405029,Certificat de capacité analyste de la performance,1,1
106861,Intégration de systèmes,2,2
404139,Mastère spécialisé expert big data engineer,5,1
510971,Collabore avec les utilisateurs et l'équipe de développement sur les attentes et exigences,1,1
485982,Promouvoir les méthodes pédagogiques innovantes,1,1
124623,Sélectionner des documents et images dans une base documentaire,1,1
102948,Traiter textes et images en fonction des modes et des supports d'impression,1,1
109801,Procédures qualité et sécurité des systèmes d'information et de télécoms,1,1
400327,Déterminer l'opportunité de l'intégration d'outils d'intelligence artificielle et de data science dans le modèle d'affaires,1,1
117209,Améliorer les processus de reporting financier,2,1
121718,Classer des documents,1,1
115287,Présider ou participer à un jury d'examen,1,1
104535,Concevoir les spécifications de l'installation automatisée en fonction du cahier des charges,2,1
487088,Utiliser des logiciels statistiques pour le traitement de données,2,1
482516,Développer des tableaux de bord pour suivre les indicateurs de performance (KPI),3,1
113281,Script Shell,2,1
100822,Techniques d'usinage,1,1
300374,Présenter et valoriser un produit ou un service,2,2
122645,Concevoir un projet de santé,1,1
106979,Principe de fonctionnement d'un moteur diesel,1,1
300280,Organiser le traitement des commandes,1,1
486526,Développer des outils de monitoring pour les performances web,1,1
500582,Elaborer des stratégies de marque employeur,1,1
484156,Présenter les avantages techniques et commerciaux des produits,1,1
486020,Développer des scripts pour automatiser les opérations,1,1
510692,Analyser les besoins des utilisateurs pour guider le développement de produits,1,1
121072,Anglais financier,1,1
492912,Connaissance des indicateurs de risque de blanchiment,1,1
115692,Conduire un entretien de recrutement,1,1
300175,"Piloter la gestion de la production, de l'exploitation",3,1
504453,Documenter les spécifications techniques des projets IA embarqués,1,1
106742,Contrôler l'étanchéité,1,1
123009,Connaissance des Nouvelles Technologies de l'information et de la Communication (NTIC),1,1
520280,"Gérer des ressources documentaires multi supports : acquisition, traitement (analyse, indexation, catalogage) et conservation du fonds",1,1
484485,Configurer et optimiser des systèmes DevOps,98,1
508618,Développer des modèles prédictifs pour l'analyse de données,61,2
491983,Analyse de données programmatiques,2,1
478668,Développement front-end et back-end,3,2
113277,Méthode AGILE,7,4
116942,Réaliser un audit,2,1
300688,Application web,71,5
300458,"Structurer, synthétiser des informations",10,5
400184,Gérer et déployer des logiciels à distance,6,4
300398,Optimiser la performance de l'organisation,1,1
403788,Mobiliser une vision stratégique et d'anticipation,1,1
300149,"Evaluer, prévenir, et gérer les risques et la sécurité",2,2
113330,"Superviser, coordonner les réalisations ou développements informatiques (collaborateurs, sous-traitants)",4,2
489930,Entretenir les espaces de vie et le linge de la personne accompagnée,1,1
484635,Assurer la conformité des livrables de projet,2,1
115531,"Sélectionner, assembler et intégrer des composants informatiques (progiciels, bases de données, développements spécifiques, ...)",5,1
300200,Exploiter des solutions de Data Science ou d'Intelligence Artificielle,14,4
123083,Evaluer les besoins et les impératifs d'exploitation d'une infrastructure,1,1
479811,Administration de pare-feu,1,1
404362,Analyser et traiter l'information à des fins d'anticipation,2,1
486983,Surveiller les tendances du marché du cloud,8,1
511889,Interpréter des données dans un contexte scientifique et développer des théories,1,1
505243,Analyser les besoins des utilisateurs pour la conception de systèmes,4,1
105775,"Vérifier le montage et le câblage (valeur des composants, continuité électrique, etc.)",1,1
300180,"Contrôler la conformité d'un équipement, d'une machine, d'une installation",3,3
300495,Evaluer le résultat de ses actions,8,1
300268,Conditionner des produits,2,1
121364,Déterminer le potentiel d'un client ou prospect,1,1
122534,Mettre en œuvre la stratégie commerciale de l'entreprise,1,1
486353,Evaluer l'efficacité des outils analytiques,1,1
124908,Protection des données numériques,1,1
300615,Gérer les risques de cybersécurité,1,1
103272,Géologie,1,1
404330,Piloter des opérations de tests informatiques,4,1
400320,Piloter le déploiement et l'intégration d'outils d'optimisation au sein des processus métiers,2,1
300407,Corriger et mettre en forme un document,1,1
102946,"Saisir le texte ou réaliser la maquette à partir du manuscrit, pré-projet, brouillon",1,1
491536,Licence mention informatique,1,1
404793,"Exploiter les données scientifiques collectées, extraire les données utiles",1,1
486790,Optimiser l'utilisation des ressources informatiques,1,1
479267,Optimisation de la performance des systèmes,2,1
489513,Gérer les stocks de matériel de maintenance et de pièces de rechange,1,1
117019,Méthodes et procédures de contrôle comptable,1,1
300080,"Procéder à des tests, expérimentations",2,2
115801,Gérer la sécurité informatique,1,1
403448,Communiquer efficacement avec l'équipe et les clients,2,1
100286,Techniques de soudure,1,1
121638,Analyser et prévenir les risques,3,2
115914,Economie du développement durable,1,1
120298,"Système réseau (LAN, MAN, WAN)",1,1
300022,"Enseigner, développer des compétences",1,1
124842,Contrôler des données qualité,2,1
482278,Sensibiliser les équipes aux enjeux de la Responsabilité Sociétale et Environnementale (RSE),1,1
300075,"Créer, concevoir de nouveaux produits ou des améliorations produits",1,1
102612,Actualiser des bases de données,1,1
484474,Documenter les procédures techniques et les configurations,1,1
120259,Installer un équipement informatique,1,1
300182,"Réparer un équipement, une machine, une installation",1,1
479269,Gestion des risques informatiques,1,1
109800,"Procéder au choix de réalisation, de traitement en interne ou par sous-traitance et en contrôler la conformité",1,1
108375,Méthode de Gestion Prévisionnelle des Emplois et des Compétences (GPEC),1,1
486975,Assurer la conformité réglementaire des solutions cloud,1,1
300123,"Créer, organiser ou coordonner un évènement",1,1
300406,Ecrire une ou plusieurs langues étrangères,1,1
485420,Assurer la maintenance préventive de premier niveau des équipements,1,1
123389,Sélectionner des informations documentaires,1,1
119712,Conception d'interfaces utilisateur (UI),1,1
521177,Sécurité des données et conformité RGPD,1,1
491237,Expert en gouvernance de la sécurité des réseaux et des systèmes (MS),1,1
300188,"Rédiger un cahier des charges, des spécifications techniques",124,7
492631,Conception de tableaux de bord de gestion,3,1
116397,Traiter des données,7,2
499418,Veille concurrentielle sur le marché digital,4,1
403933,Garantir la confidentialité des informations,2,1
490266,Etre en capacité de travailler en mode projets,1,1
404223,Elaborer et suivre des tableaux de bord des incidents sécurité,1,1
300077,"Créer, élaborer et identifier des concepts innovants",3,3
508471,Gérer le budget alloué aux projets d'innovation,1,1
100541,"Techniques de communication orales, écrites et numériques",4,2
120323,Modéliser une base de données,9,1
123967,Rédiger le contenu d'un support de communication,3,1
300366,Recueillir et analyser les besoins client,17,7
300679,"Tester un logiciel, un système d'informations, une application",17,7
110150,Anglais technique,16,3
102318,"Etablir un plan de tournée de prospection (ciblage, interlocuteurs, préparation de dossiers techniques)",2,2
486412,Implémenter des mesures de sécurité informatique,1,1
122112,Analyse de données de production,3,1
300126,Créer une documentation technique,3,2
123393,Gérer les campagnes publicitaires digitales,4,1
400451,Agir rapidement en cas de panne pour minimiser les interruptions,1,1
484475,Former les utilisateurs aux nouvelles technologies,1,1
126141,Baliser les zones glissantes,1,1
123187,Evaluer la solvabilité d'un créditeur et les risques,1,1
300181,"Entretenir un équipement, une machine, une installation",3,3
402191,"Lire et interpréter des données et documents techniques, au besoin en anglais",3,2
300144,Réaliser et vérifier des calculs de mathématiques généraux ou appliqués,1,1
501127,Collaborer avec des équipes pour intégrer des analyses,3,1
116224,Construire des relations professionnelles durables avec les clients et les fournisseurs,1,1
120271,Déterminer les causes de dysfonctionnements,2,1
300579,Communiquer auprès de ses interlocuteurs internes et externes,10,5
300451,Relayer de l'information,2,1
300431,"Mettre à jour un dossier, une base de données",1,1
125246,"Entretenir une surface, un sol",3,1
484482,Gérer les bases de données et assurer leur intégrité,1,1
126422,Analyser les tendances du marché pour anticiper les besoins,2,2
126421,Effectuer le suivi technique des produits et leur évolution auprès des clients,1,1
402226,Favoriser un environnement de travail collaboratif,1,1
124715,Supports de manutention,1,1
121028,Planifier et suivre les échéances de projet,4,3
115028,"Données d'activité de la structure, du service",1,1
507032,Concevoir des solutions numériques adaptées au secteur de la santé,1,1
126285,Techniques de formation individuelle,1,1
121319,Maintenir une documentation précise et à jour,1,1
100016,Gestes et postures de manutention,2,1
118943,"Défendre un projet devant un comité de pilotage, des collaborateurs ou des partenaires",1,1
117333,Attribuer un marché,2,1
482816,Communiquer avec les professionnels de santé pour collecter des informations,1,1
477130,Méthodes de clustering et classification,1,1
103070,Lecture de plans et de schémas,1,1
120347,Vérifier la conformité de fonctionnement et d'utilisation des systèmes d'information,1,1
482487,Maintenir une veille scientifique et réglementaire,1,1
483421,Planifier et coordonner les activités de projet CVC,1,1
501387,Analyser les besoins des utilisateurs pour la gestion des données,1,1
109764,Système d'exploitation Windows,1,1
504140,Collaborer avec des équipes interdisciplinaires pour des études complexes,1,1
106844,Règles de sécurité Informatique et Télécoms,2,2
487128,Analyser les risques de sécurité pour les systèmes informatiques,2,2
300315,"Identifier et sélectionner des fournisseurs, sous-traitants, prestataires",2,1
481843,Conformité et réglementations du cloud,1,1
404156,DRT modélisation calcul scientifique statistique et informatique,1,1
476759,Collaboration interdisciplinaire,1,1
300350,Négocier un contrat,1,1
487086,Développer des algorithmes pour l'analyse de données,8,1
508628,Documenter les processus et les architectures d'IA,50,1
109529,Communiquer les résultats des études aux parties prenantes,68,2
501122,Analyser des données pour identifier des tendances,2,1
300004,Recruter et intégrer une personne,4,2
101315,Analyse de données expérimentales,3,2
404331,Adapter les méthodes de travail à la réglementation locale,4,1
124418,Réaliser un modèle de prévision,6,2
300184,Apporter une assistance technique aux équipes,12,3
486355,Collaborer avec les équipes pour comprendre les besoins en données,2,1
486358,Intégrer des considérations éthiques dans l'analyse de données,3,2
121281,"Analyser la situation financière d'un client : vérification de ses revenus, de ses dettes, des dispositifs légaux et de sa capacité de remboursement",2,2
109973,"Installer et intégrer le matériel (station, équipement réseau, périphériques, ...) dans l'environnement de production et configurer les ressources logistiques et physiques",8,1
402039,Anticiper les risques de cybersécurité,1,1
495679,Intégration de systèmes d'intelligence artificielle,1,1
300384,Elaborer une stratégie commerciale,3,3
121054,Réaliser les essais de fonctionnement,4,2
125894,Déterminer des protocoles d'expérimentation,1,1
102732,Langages de programmation informatique,7,3
300377,"Elaborer, adapter une proposition commerciale",3,3
499611,Superviser les opérations de migration de données,8,1
485329,Assurer la maintenance des systèmes,1,1
507592,Documenter les procédures de sécurité,1,1
500668,Gérer la documentation technique et les archives de projets,1,1
300462,Rendre compte de son activité,6,3
118639,"Analyser les données d'une étude, d'un projet",2,1
105725,Connexion électrique,1,1
124529,Déterminer des axes d'évolution technologiques,12,2
400681,Effectuer les réglages sur les machines et équipements dans un objectif de performance énergétique et environnementale de l'équipement,1,1
109922,Formaliser des données cartographiques et les diffuser sur des réseaux d'information,1,1
300408,"Rédiger un rapport, un compte rendu d'activité",1,1
300119,Réaliser une veille documentaire,1,1
402310,Traduire les demandes de l'entreprise en solutions techniques,1,1
504447,Concevoir des architectures de systèmes embarqués pour l'IA,2,1
508626,Adapter les modèles d'IA aux changements de données ou de contexte,1,1
404138,Master mention méthodes informatiques appliquées à la gestion des entreprises (MIAGE),2,1
491238,Expert en ingénierie des systèmes (MS),1,1
300068,Réaliser une analyse ou modélisation statistique de données,2,1
113235,Apache,1,1
108784,"Déterminer et développer les méthodes de recherche, de recueil et d'analyse de données",3,2
104540,"Vérifier le programme d'automatisation par une série de tests sur plate-forme d'essais, en atelier, sur site",2,1
121239,Délimiter un périmètre de sécurité,1,1
404783,Collaborer avec des équipes multidisciplinaires,3,2
400723,Analyser les besoins des clients pour proposer des services adaptés,1,1
300253,Contrôler la conformité des données,1,1
300146,Elaborer des processus et des modes opératoires techniques,1,1
508635,Planifier des projets d'IA en tenant compte des contraintes de temps et de budget,2,1
300551,Entretenir le linge de maison et les vêtements,2,1
485121,Maintenir à jour la documentation technique et les manuels d'utilisation,1,1
300208,Approvisionner une machine en matière première ou en produit,2,1
499066,Utilisation de logiciels d'analyse statistique,1,1
492668,Connaissance approfondie en mathématiques,7,1
120340,Procéder aux phases de tests et de recettes des applications développées,2,1
300611,Gérer des données massives,2,1
120935,Techniques de machine learning en bioinformatique,1,1
109917,"Sélectionner, traiter et réaliser l'analyse spatiale de données géographiques",2,1
113748,"Concevoir des modèles théoriques (calcul, simulation, modélisation)",1,1
402275,Proposer des solutions innovantes pour résoudre des problèmes techniques,1,1
402203,Coordonner les équipes de développement ou de production pour respecter les délais,1,1
109528,Rédiger de l'information,1,1
486360,Documenter les procédures d'analyse pour assurer la continuité,2,1
300470,"Travailler en groupe, en réseau",1,1
124680,Procédures de contrôle qualité,1,1
508634,Conduire des revues de code pour assurer la qualité des développements d'IA,1,1
126290,Bouler et effectuer la tourne ou le façonnage des pâtons,1,1
484932,Gérer les projets d'infrastructure IT,1,1
104167,Caractéristiques des produits d'entretien,1,1
504113,Utiliser des logiciels spécifiques aux sciences humaines pour l'analyse de données,1,1
404370,Argumenter et anticiper les objections,1,1
300198,"Paramétrer un logiciel, un outil, un système numérique",2,1
118949,Collaborer avec des partenaires institutionnels,1,1
118428,Modèle informatique client-serveur,1,1
404350,Piloter le déploiement de solutions innovantes,1,1
504174,Intégrer de nouvelles technologies éducatives dans l'enseignement,1,1
109763,Système d'exploitation Linux,5,1
479840,Analyse de données client,4,1
109779,Modélisation informatique,4,4
120501,Concevoir des modules de formation,1,1
300586,Concevoir et développer une solution digitale,17,5
125868,Google Analytics,1,1
119405,Procédures de contrôle comptable,1,1
113798,Programmation en Python,19,5
403441,Effectuer un reporting régulier à la hiérarchie,2,1
120325,Présenter les évolutions du système d'information au commanditaire,20,2
501701,Rédiger des rapports d'intervention détaillés,1,1
300426,Utiliser les outils numériques,3,3
121719,Coder des données,6,2
507946,Analyser les besoins de sécurité informatique,5,1
400747,"Etablir des prévisions, des évaluations, des recommandations, des perspectives",1,1
300312,Mettre en place des solutions d'amélioration de la performance,12,4
102096,Normes d'hygiène et de propreté,4,1
479254,Virtualisation des serveurs,1,1
113317,Développer une application en lien avec une base de données,10,3
108816,Logique mathématique,1,1
300382,"Réaliser une étude de marché, évaluer le potentiel d'un produit ou service",5,2
300082,"Analyser, résoudre un problème courant ou complexe",2,2
300486,"Superviser des opérations, des actions",1,1
404185,Convaincre en argumentant avec un ou plusieurs interlocuteurs,2,1
300450,Respecter la confidentialité des informations,2,1
121066,Gestion des risques (Risk Management),1,1
300682,Travailler en réseau et coopérer avec des profils métiers diversifiés,2,1
107035,Spécificités d'un moteur essence,1,1
402142,"Etablir les préconisations et les recommandations d'utilisation, de mise en service, de démontage ou d'entretien",1,1
300411,Parler une ou plusieurs langues étrangères,3,1
300418,"Promouvoir une proposition, un projet",2,2
121126,Progiciels de gestion intégrée d'entreprise (ERP),1,1
121704,Analyse des risques financiers,1,1
484487,Assurer la sécurité des pipelines de CI/CD,5,1
121983,Assister une structure dans l'interprétation et l'analyse d'une étude,2,1
505180,Evaluer les risques associés aux clients et aux transactions,1,1
508633,Gérer les risques associés aux technologies d'IA,2,1
109758,Système d'exploitation Unix,1,1
116765,Maintenance de matériel informatique,1,1
400659,Documenter les interventions et les anomalies rencontrées,1,1
125836,Régler des caméras,1,1
126037,Suivre les évolutions réglementaires,1,1
481937,Gestion de version de code,1,1
106840,Configurer le poste de travail aux besoins de l'utilisateur,2,2
501949,Planifier les mises à jour systèmes sans interruption de service,2,1
300083,Elaborer une stratégie de résolution de problèmes,1,1
484402,Documenter les procédures techniques pour les utilisateurs,3,2
404136,"Licence pro mention métiers de l'informatique : conception, développement et test de logiciels",1,1
117243,Etablir un devis,1,1
482192,Optimiser les ressources pédagogiques disponibles,1,1
504177,Stimuler la participation étudiante en classe,1,1
491243,"Ingénieur diplômé de l'école supérieure d'informatique, électronique, automatique",1,1
300367,Conseiller dans le cadre d'une relation commerciale,1,1
