territoire_offre,nombre_offres
35 - Rennes,16
18 - Bourges,1
93 - ST DENIS,5
92 - COURBEVOIE,3
37 - Tours,8
06 - Valbonne,6
13 - Aix-en-Provence,16
49 - MONTREUIL BELLAY,1
93 - Aubervilliers,2
38 - GRENOBLE,4
92 - BOULOGNE BILLANCOURT,3
93 - Seine-Saint-Denis,7
06 - Gaude,1
59 - LILLE,7
91 - Longjumeau,3
21 - Aiserey,5
57 - Metz,3
75 - Paris (Dept.),5
78 - MANTES LA JOLIE,1
94 - Rungis,1
72 - Sablé-sur-Sarthe,2
26 - Valence,1
75 - Paris 4e Arrondissement,1
67 - Bietlenheim,1
40 - LIPOSTHEY,1
86 - Poitiers,1
11 - Carcassonne,1
75 - Paris 11e Arrondissement,3
91 - Corbeil-Essonnes,1
974 - Saint-Paul,1
69 - Givors,1
22 - Saint-Brieuc,1
48 - MENDE,1
14 - Caen,1
26 - DONZERE,1
54 - Fléville-devant-Nancy,1
35 - Bruz,2
86 - Chasseneuil-du-Poitou,2
34 - Sète,1
76 - ROUEN,1
38 - ST EGREVE,1
51 - Sézanne,1
19 - Brive-la-Gaillarde,3
95 - BEZONS,1
77 - SAVIGNY LE TEMPLE,1
77 - Lieusaint,1
44 - Saint-Nazaire,1
31 - Labège,1
42 - ST ETIENNE,1
85 - Roche-sur-Yon,1
25 - Montbéliard,1
76 - Le Havre,1
34 - Frontignan,1
63 - Puy-de-Dôme,1
76 - MONT ST AIGNAN,1
972 - Le Lamentin,1
09 - Pamiers,1
32 - Auch,1
67 - Sélestat,2
23 - Saint-Priest,1
67 - BENFELD,1
57 - METZ,1
78 - Mantes-la-Jolie,1
34 - Béziers,1
45 - Montargis,1
988 - NOUMEA,1
41 - Blois,1
92 - Levallois-Perret,18
92 - ISSY-LES-MOULINEAUX,1
69 - VILLEURBANNE,20
69 - Lyon 5e Arrondissement,13
31 - Toulouse,51
87 - Limoges,3
75 - Paris 2e Arrondissement,7
29 - Guipavas,2
78 - Châteaufort,6
78 - Vélizy-Villacoublay,19
92 - LEVALLOIS PERRET,8
13 - Marseille,11
78 - CONFLANS STE HONORINE,2
06 - BIOT,10
54 - LUDRES,1
35 - Lillemer,1
92 - Plessis-Robinson,3
59 - Mons-en-Barœul,1
72 - COULAINES,1
91 - MASSY,1
78 - VERSAILLES,1
38 - Saint-Martin-d'Hères,1
76 - ISNEAUVILLE,1
51 - Reims,6
38 - FONTAINE,1
91 - Ulis,2
13 - MARSEILLE 09,1
92 - Rueil-Malmaison,1
94 - Saint-Mandé,1
31 - LABEGE,1
69 - Saint-Priest,1
44 - Saint-Herblain,3
31 - Ramonville-Saint-Agne,3
10 - NOGENT SUR SEINE,4
972 - Schœlcher,1
973 - Camopi,1
13 - MARSEILLE 07,1
59 - TEMPLEMARS,2
38 - Échirolles,1
62 - Billy-Berclau,2
59 - VILLENEUVE-D'ASCQ,1
12 - Toulonjac,1
78 - Guyancourt,2
59 - VILLENEUVE D ASCQ,3
55 - MARVILLE,1
69 - LYON 06,1
78 - Mureaux,2
78 - Aubergenville,1
49 - Montrevault-sur-Èvre,1
19 - Objat,1
92 - La Garenne-Colombes,1
94 - LE PERREUX SUR MARNE,1
10 - Laines-aux-Bois,1
93 - Courneuve,2
63 - PERIGNAT SUR ALLIER,1
22 - Plénée-Jugon,1
64 - Pau,2
31 - Balma,1
33 - Gironde,1
06 - Alpes-Maritimes,1
94 - Bry-sur-Marne,1
06 - CAGNES SUR MER,1
45 - Beaune-la-Rolande,2
10 - Nogent-sur-Seine,1
06 - MOUANS SARTOUX,1
13 - Bouches-du-Rhône,1
33 - Mios,1
971 - Baie-Mahault,1
45 - Saint-Jean-de-Braye,1
59 - LOOS,1
79 - NIORT,1
13 - Marseille 7e Arrondissement,1
76 - Havre,1
93 - Drancy,1
33 - Bordeaux,29
75 - Paris 12e Arrondissement,11
34 - Montpellier,22
92 - Hauts-de-Seine,26
69 - Chaponnay,4
92 - ISSY LES MOULINEAUX,6
69 - Lyon 1er Arrondissement,46
92 - Nanterre,78
67 - Strasbourg,10
75 - Paris 17e Arrondissement,1
31 - Colomiers,4
974 - Saint-Denis,4
29 - Finistère,8
93 - Saint-Ouen-sur-Seine,6
78 - Prunay-en-Yvelines,5
47 - Agen,4
95 - Frépillon,3
94 - Villejuif,3
26 - Beaumont-Monteux,2
21 - Dijon,5
France,19
92 - NEUILLY SUR SEINE,10
53 - LAVAL,2
68 - BARTENHEIM,3
59 - Dunkerque,1
69 - LYON 02,1
17 - LA ROCHELLE,1
91 - Massy,17
59 - Croix,3
34 - Pérols,1
69 - Lyon 4e Arrondissement,4
49 - Cholet,2
13 - Gémenos,3
92 - Bagneux,6
31 - TOULOUSE,14
01 - Saint-Martin-du-Frêne,1
69 - VAULX EN VELIN,1
94 - Orly,2
69 - Rhône,5
59 - Roubaix,3
50 - Cherbourg-en-Cotentin,1
77 - Montévrain,1
95 - Argenteuil,1
51 - MONTMIRAIL,1
972 - Fort-de-France,1
69 - Caluire-et-Cuire,1
06 - Menton,1
94 - Maisons-Alfort,1
74 - Chavanod,2
78 - Plaisir,1
77 - CHAMPS-SUR-MARNE,1
93 - SAINT-OUEN-SUR-SEINE,2
77 - Moissy-Cramayel,1
92 - ASNIERES SUR SEINE,1
13 - Ciotat,1
94 - Arcueil,2
35 - CESSON SEVIGNE,1
94 - IVRY SUR SEINE,1
91 - Verrières-le-Buisson,1
80 - Longueau,1
19 - LARCHE,1
79 - Crèche,1
66 - PERPIGNAN,1
92 - Neuilly-sur-Seine,5
75 - PARIS,58
80 - Oust-Marest,1
27 - Val-de-Reuil,2
50 - Sottevast,1
69 - Lyon 6e Arrondissement,4
79 - Niort,36
44 - Carquefou,4
38 - DOMENE,1
71 - LE CREUSOT,1
02 - Saint-Quentin,1
44 - NANTES,2
69 - Lyon,50
59 - Lille,66
51 - REIMS,1
56 - Vannes,4
13 - Marseille 8e Arrondissement,4
77 - Champs-sur-Marne,4
44 - Loire-Atlantique,7
67 - Alteckendorf,1
35 - Cesson-Sévigné,4
57 - Thionville,2
988 - Nouméa,2
83 - LA SEYNE SUR MER,1
59 - Nord,3
94 - Fontenay-sous-Bois,1
94 - Vitry-sur-Seine,2
95 - NEUVILLE SUR OISE,1
35 - Châteauneuf-d'Ille-et-Vilaine,1
34 - CASTELNAU LE LEZ,1
16 - Aussac-Vadalle,2
39 - Châtillon,2
94 - ARCUEIL,2
44 - PORNIC,1
974 - LA POSSESSION,2
65 - AZEREIX,1
95 - ARGENTEUIL,1
35 - Ille-et-Vilaine,2
04 - CHATEAU ARNOUX ST AUBAN,1
92 - SEVRES,1
45 - Olivet,1
35 - ST GREGOIRE,1
91 - Gometz-le-Châtel,1
38 - Fontanil-Cornillon,1
22 - Pommeret,1
75 - Paris 18e Arrondissement,1
77 - Réau,2
64 - BAYONNE,1
92 - Gennevilliers,1
59 - Douai,1
75 - PARIS 11,1
26 - VALENCE,1
91 - Gometz-la-Ville,1
67 - Bischheim,1
22 - Plestan,1
47 - AGEN,1
92 - NANTERRE,1
974 - Saint-Joseph,1
29 - BREST,1
59 - WASQUEHAL,1
57 - Marly,1
Île-de-France,18
75 - Paris 1er Arrondissement,35
67 - ILLKIRCH-GRAFFENSTADEN,1
06 - VALBONNE,12
01 - Valserhône,7
38 - Meylan,5
64 - Anglet,4
Luxembourg,21
69 - LYON,10
68 - COLMAR,1
92 - MALAKOFF,2
33 - CESTAS,1
92 - LEVALLOIS-PERRET,1
85 - LES HERBIERS,1
75 - PARIS 09,1
94 - Créteil,2
33 - BORDEAUX,15
29 - Brest,7
13 - Vitrolles,3
34 - Usclas-d'Hérault,2
33 - MERIGNAC,10
94 - Charenton-le-Pont,9
59 - Marcq-en-Barœul,5
29 - Quimper,5
69 - LIMONEST,2
94 - FONTENAY-SOUS-BOIS,5
83 - Toulon,3
06 - NICE,2
91 - Gif-sur-Yvette,2
75 - PARIS 01,1
66 - Boulou,1
69 - Échalas,1
53 - Château-Gontier-sur-Mayenne,1
78 - Magny-les-Hameaux,5
92 - Garenne-Colombes,1
92 - Suresnes,4
75 - Paris 13e Arrondissement,6
87 - LIMOGES,1
93 - MONTREUIL,1
88 - Vosges,1
72 - LE MANS,2
67 - Haguenau,1
93 - NOISY-LE-GRAND,1
79 - Deux-Sèvres,1
67 - Bitschhoffen,1
59 - MARCQ EN BAROEUL,4
63 - Ambert,1
62 - Montreuil-sur-Mer,2
40 - Mont-de-Marsan,2
76 - Eu,1
972 - FORT DE FRANCE,2
78 - JOUY EN JOSAS,3
37 - ST PIERRE DES CORPS,1
69 - Civrieux-d'Azergues,1
64 - Boucau,1
11 - Montolieu,1
03 - VICHY,1
92 - Châtillon,3
59 - Avelin,1
69 - LA TOUR DE SALVAGNY,1
92 - BOULOGNE-BILLANCOURT,1
56 - PLESCOP,1
49 - Candé,1
76 - Harfleur,1
974 - Saint-Benoît,1
75 - Paris,466
93 - Bobigny,2
75 - Paris 9e Arrondissement,51
45 - ORLEANS,4
69 - Lyon 2e Arrondissement,6
86 - CHASSENEUIL DU POITOU,1
67 - Nordheim,6
75 - Paris 8e Arrondissement,5
67 - STRASBOURG,6
69 - Rillieux-la-Pape,3
33 - BASSENS,2
06 - Nice,6
69 - Lyon 9e Arrondissement,4
01 - Izernore,1
59 - Lesquin,3
92 - Bois-Colombes,12
92 - Issy-les-Moulineaux,13
92 - Colombes,4
38 - Grenoble,15
91 - EVRY COURCOURONNES,1
93 - LE BOURGET,1
75 - Paris 7e Arrondissement,3
75 - PARIS 08,2
13 - Marignane,3
Ile-de-France,2
95 - Val-d'Oise,13
76 - EU,1
38 - Montbonnot-Saint-Martin,2
67 - Benfeld,1
75 - Paris 15e Arrondissement,5
64 - Bordes,3
40 - Tarnos,4
94 - ORLY,1
22 - Pleudihen-sur-Rance,2
35 - Dinard,1
78 - Versailles,3
75 - Paris 14e Arrondissement,2
84 - Avignon,2
91 - Villebon-sur-Yvette,1
94 - Ivry-sur-Seine,1
13 - AIX EN PROVENCE,4
35 - FOUGERES,1
34 - Montagnac,1
35 - Domagné,2
35 - ST MALO,1
31 - Blagnac,4
38 - ST MARTIN D HERES,1
09 - PAMIERS,1
31 - MARTRES TOLOSANE,1
67 - BISCHHEIM,1
92 - MONTROUGE,1
973 - Saint-Laurent-du-Maroni,1
85 - CHANVERRIE,2
91 - Vert-le-Grand,1
69 - Lyon 8e Arrondissement,1
77 - REAU,1
78 - ELANCOURT,1
973 - KOUROU,1
53 - Renazé,1
974 - Saint-Philippe,1
93 - AULNAY SOUS BOIS,1
06 - Cannes,1
53 - Laval,1
31 - ISSUS,1
92 - Courbevoie,35
78 - HOUILLES,1
92 - PUTEAUX,5
64 - PAU,5
56 - Lorient,3
54 - VANDOEUVRE LES NANCY,1
10 - Troyes,1
29 - Relecq-Kerhuon,1
59 - Lezennes,12
67 - Schiltigheim,4
25 - MISEREY-SALINES,1
75 - Paris 16e Arrondissement,3
36 - Issoudun,1
45 - Orléans,7
91 - EVRY,2
93 - Saint-Denis,8
17 - Rochelle,3
92 - COLOMBES,1
94 - MAISONS-ALFORT,1
57 - Ay-sur-Moselle,2
90 - Belfort,3
42 - Saint-Étienne,2
75 - Paris 6e Arrondissement,2
31 - Haute-Garonne,1
94 - VILLEJUIF,1
69 - Limonest,3
23 - Boussac-Bourg,1
22 - Guingamp,1
69 - DARDILLY,1
34 - MONTPELLIER,5
67 - Herrlisheim,1
92 - Meudon,2
75 - Paris 5e Arrondissement,2
08 - Girondelle,8
79 - GRANZAY-GRIPT,1
66 - Perpignan,3
33 - PESSAC,1
63 - Clermont-Ferrand,7
78 - MONTIGNY LE BRETONNEUX,4
69 - LYON 09,1
35 - RENNES,1
59 - SECLIN,2
42 - Roanne,2
54 - Nancy,2
45 - Loiret,1
95 - Roissy-en-France,1
63 - Chappes,1
973 - Cayenne,1
93 - Villepinte,3
12 - Aveyron,1
74 - Annecy,3
69 - Limas,1
Belgique,1
64 - Pyrénées-Atlantiques,1
87 - LE DORAT,1
72 - Mans,1
33 - Pessac,2
57 - Vantoux,2
13 - Châteauneuf-les-Martigues,1
69 - VENISSIEUX,1
85 - La Roche-sur-Yon,1
73 - Albertville,1
78 - Voisins-le-Bretonneux,1
2B - Bastia,1
77 - Savigny-le-Temple,1
54 - Meurthe-et-Moselle,1
38 - MEYLAN,1
14 - COLOMBELLES,1
60 - CHANTILLY,1
Nouvelle-Aquitaine,1
32 - L ISLE JOURDAIN,1
25 - Besançon,4
76 - ST ETIENNE DU ROUVRAY,1
91 - Palaiseau,2
92 - Boulogne-Billancourt,22
93 - Noisy-le-Grand,1
69 - Lyon 7e Arrondissement,9
75 - Paris 10e Arrondissement,3
75 - Paris 20e Arrondissement,2
42 - MACLAS,1
76 - Rouen,8
49 - SAUMUR,1
92 - Puteaux,20
69 - Lyon 3e Arrondissement,9
44 - Nantes,65
92 - Montrouge,7
49 - Angers,11
44 - Ancenis-Saint-Géréon,1
10 - Saint-André-les-Vergers,3
28 - Chartres,7
78 - Poissy,2
78 - GUYANCOURT,3
13 - Marseille 2e Arrondissement,4
13 - LA CIOTAT,1
34 - Mauguio,1
81 - Parisot,4
78 - POISSY,2
78 - Sartrouville,1
69 - Villeurbanne,2
59 - Villeneuve-d'Ascq,11
33 - Mérignac,5
93 - Montreuil,2
974 - Cilaos,1
06 - Antibes,1
69 - MIONS,1
93 - Pantin,3
77 - Montereau-sur-le-Jard,1
44 - Saint-Sébastien-sur-Loire,1
75 - Paris 19e Arrondissement,1
25 - BESANCON,1
67 - BERNOLSHEIM,4
78 - Flins-sur-Seine,1
38 - Crolles,1
38 - Isère,3
92 - Saint-Cloud,3
92 - Clichy,4
69 - LYON 03,2
37 - TOURS,1
57 - LA MAXE,2
13 - Marseille 1er Arrondissement,5
91 - Chilly-Mazarin,1
94 - SUCY-EN-BRIE,1
44 - Chapelle-sur-Erdre,1
28 - TOURY,1
Provence-Alpes-Côte d'Azur,1
973 - Ouanary,1
64 - Saint-Pée-sur-Nivelle,1
75 - PARIS 03,1
06 - Carros,1
95 - Bezons,2
13 - La Ciotat,1
77 - Châtres,1
77 - Vert-Saint-Denis,1
67 - SCHILTIGHEIM,1
61 - ALENCON,1
