code_region,region,nombre_offres,projets_recrutement
11,Ile-de-France,1244,21167
2,Martinique,5,24
75,Nouvelle-Aquitaine,160,2289
28,Normandie,24,734
4,La Réunion,11,140
0,Collectivités d'outre-mer,3,0
84,Auvergne-Rhône-Alpes,287,3963
76,Occitanie,137,3739
27,Bourgogne-Franche-Comté,23,432
1,Guadeloupe,1,25
52,Pays de la Loire,119,2387
24,Centre-Val de Loire,38,653
93,Provence-Alpes-Côte d'Azur,113,3272
44,Grand Est,95,1342
53,Bretagne,73,1689
32,Hauts-de-France,139,1942
3,Guyane,5,68
94,Corse,1,28
6,,0,61
