rome_code,competence_code,competence_libelle_rome,nombre_offres
M1811,300312,Mettre en place des solutions d'amélioration de la performance,4
M1889,508618,Développer des modèles prédictifs pour l'analyse de données,59
M1419,109527,Adapter les outils de traitement statistique de données,63
M1419,508618,Développer des modèles prédictifs pour l'analyse de données,2
M1419,300200,Exploiter des solutions de Data Science ou d'Intelligence Artificielle,3
K2108,300022,"Enseigner, développer des compétences",1
K2108,300458,"Structurer, synthétiser des informations",1
M1827,121719,Coder des données,5
M1880,482950,Proposer des solutions adaptées aux problématiques de santé,1
H1215,508397,Collaborer avec des équipes internationales pour des projets de recherche,1
M1508,109565,"Analyser les besoins de l'entreprise en formation, en recrutement et en mobilité professionnelle",2
K2205,300152,Préparer du matériel en prévision d'un travail,1
M1827,110150,Anglais technique,3
H2903,100822,Techniques d'usinage,1
M1855,300188,"Rédiger un cahier des charges, des spécifications techniques",2
M1718,499418,Veille concurrentielle sur le marché digital,4
M1827,400165,Concevoir la cartographie fonctionnelle du SI,1
M1405,402191,"Lire et interpréter des données et documents techniques, au besoin en anglais",2
M1841,300067,"Analyser, exploiter, structurer des données",2
M1419,121638,Analyser et prévenir les risques,1
M1811,123967,Rédiger le contenu d'un support de communication,3
M1851,116397,Traiter des données,4
M1419,480869,Machine Learning,2
M1811,300496,Identifier ses axes de progrès,4
M1827,113277,Méthode AGILE,3
M1718,300312,Mettre en place des solutions d'amélioration de la performance,4
M1806,503742,Développer des stratégies pour l'intégration des systèmes,2
M1806,503744,Identifier les opportunités d'automatisation des processus,2
M1855,102732,Langages de programmation informatique,2
K1304,120699,Entretenir le linge,1
M1879,486963,Optimiser les performances des systèmes cloud,8
M1405,120743,Système de Gestion de Bases de Données (SGBD),1
M1419,501124,Interpréter des résultats d'analyses pour des décisions stratégiques,2
M1204,116477,Indicateurs de suivi d'activité,2
M1805,404136,"Licence pro mention métiers de l'informatique : conception, développement et test de logiciels",1
M1419,513111,Interpréter des résultats de campagne média,1
I1620,300180,"Contrôler la conformité d'un équipement, d'une machine, d'une installation",1
K2108,300026,Concevoir l'ingénierie de formation et les séquences pédagogiques,1
M1827,116349,Déploiement de services cloud (cloud computing),2
M1102,300315,"Identifier et sélectionner des fournisseurs, sous-traitants, prestataires",2
M1851,300579,Communiquer auprès de ses interlocuteurs internes et externes,1
M1851,486358,Intégrer des considérations éthiques dans l'analyse de données,2
M1818,300196,"Concevoir l'architecture d'un système, d'un réseau",3
M1827,484491,Optimiser l'utilisation des ressources cloud,1
M1855,126535,Réaliser des études et développements informatiques,2
M1855,485223,Tester et valider les fonctionnalités du logiciel,3
M1889,476759,Collaboration interdisciplinaire,1
M1855,106844,Règles de sécurité Informatique et Télécoms,1
M1855,113312,"Optimiser des algorithmes, une application informatique et mettre en oeuvre leur développement",3
M1801,116757,Systèmes d'information,1
K2402,125897,Développer des méthodes de recherche innovantes,1
F1105,300452,"Collecter et analyser des données, des informations",1
F1105,404793,"Exploiter les données scientifiques collectées, extraire les données utiles",1
H2502,122112,Analyse de données de production,3
H1215,120940,Analyser des résultats d'exploitation bio-informatiques,2
F1117,483421,Planifier et coordonner les activités de projet CVC,1
I1616,124715,Supports de manutention,1
M1811,300664,Rédiger des documents d'ingénierie (rédaction des spécifications fonctionnelles et livrables techniques des solutions),4
I1306,501701,Rédiger des rapports d'intervention détaillés,1
I1310,300180,"Contrôler la conformité d'un équipement, d'une machine, d'une installation",1
I1105,300148,Elaborer des actions ou des règles de prévention,1
M1502,100541,"Techniques de communication orales, écrites et numériques",2
M1805,522155,Déployer le code de façon conteneurisée,1
M1855,491242,Ingénieur diplômé de l'école nationale supérieure d'informatique pour l'industrie et l'entreprise spécialité informatique,1
M1419,501127,Collaborer avec des équipes pour intégrer des analyses,3
H2605,100286,Techniques de soudure,1
K2202,107957,Laver des vitres ou d'autres surfaces,1
H3302,100016,Gestes et postures de manutention,2
M1889,508630,Analyser les tendances du marché pour anticiper les évolutions de l'IA,1
M1805,484402,Documenter les procédures techniques pour les utilisateurs,2
M1405,400747,"Etablir des prévisions, des évaluations, des recommandations, des perspectives",1
M1855,109779,Modélisation informatique,1
M1801,300492,Actualiser régulièrement ses connaissances,1
M1827,109870,Java,3
M1841,400184,Gérer et déployer des logiciels à distance,1
M1805,126535,Réaliser des études et développements informatiques,1
I1616,100213,Matériel de levage,1
M1811,400320,Piloter le déploiement et l'intégration d'outils d'optimisation au sein des processus métiers,2
M1871,120327,Analyser des données techniques pour optimiser les processus,1
M1826,109801,Procédures qualité et sécurité des systèmes d'information et de télécoms,1
K1304,125246,"Entretenir une surface, un sol",3
M1811,113330,"Superviser, coordonner les réalisations ou développements informatiques (collaborateurs, sous-traitants)",3
M1801,486020,Développer des scripts pour automatiser les opérations,1
I1404,300082,"Analyser, résoudre un problème courant ou complexe",1
M1818,400184,Gérer et déployer des logiciels à distance,1
M1889,508621,Communiquer clairement les concepts d'IA aux parties prenantes non techniques,1
M1868,300492,Actualiser régulièrement ses connaissances,1
M1855,486520,Configurer des serveurs web et gérer le déploiement,1
I1105,300435,"Optimiser les effectifs, l'adéquation et l'allocation des ressources",1
M1802,491237,Expert en gouvernance de la sécurité des réseaux et des systèmes (MS),1
M1861,404783,Collaborer avec des équipes multidisciplinaires,1
K2402,125281,Mener des travaux de recherche,1
F1105,103059,Cartographie et SIG,1
M1827,300077,"Créer, élaborer et identifier des concepts innovants",1
I1616,123775,Assembler les éléments d'un engin ou d'un matériel,1
I1306,106742,Contrôler l'étanchéité,1
M1868,300067,"Analyser, exploiter, structurer des données",1
M1889,495679,Intégration de systèmes d'intelligence artificielle,1
D1416,102318,"Etablir un plan de tournée de prospection (ciblage, interlocuteurs, préparation de dossiers techniques)",1
M1502,500582,Elaborer des stratégies de marque employeur,1
M1707,121364,Déterminer le potentiel d'un client ou prospect,1
M1806,300488,Concevoir et gérer un projet,57
M1884,117024,Proposer des améliorations pour augmenter l'efficacité des systèmes,2
M1863,300679,"Tester un logiciel, un système d'informations, une application",3
M1827,400796,Vérifier la compatibilité des développements produits avec les spécifications,2
M1827,300579,Communiquer auprès de ses interlocuteurs internes et externes,5
M1405,120317,Assurer le suivi de la qualité des données,3
M1806,505243,Analyser les besoins des utilisateurs pour la conception de systèmes,4
M1810,400184,Gérer et déployer des logiciels à distance,2
M1851,300067,"Analyser, exploiter, structurer des données",4
M1852,300188,"Rédiger un cahier des charges, des spécifications techniques",3
M1810,109973,"Installer et intégrer le matériel (station, équipement réseau, périphériques, ...) dans l'environnement de production et configurer les ressources logistiques et physiques",8
C1209,121281,"Analyser la situation financière d'un client : vérification de ses revenus, de ses dettes, des dispositifs légaux et de sa capacité de remboursement",1
M1855,300688,Application web,32
M1828,300575,Allouer et organiser les ressources d'un projet selon les besoins et contraintes,2
M1861,300188,"Rédiger un cahier des charges, des spécifications techniques",1
M1827,109862,Architecture web,1
M1827,400199,Analyser les besoins informatiques,4
M1889,504113,Utiliser des logiciels spécifiques aux sciences humaines pour l'analyse de données,1
F1117,300488,Concevoir et gérer un projet,2
I1616,106362,Circuits hydrauliques,4
M1811,404331,Adapter les méthodes de travail à la réglementation locale,4
M1811,300366,Recueillir et analyser les besoins client,5
M1841,109846,Concevoir une application web,4
D1106,300375,"Organiser, aménager un espace de vente",1
M1889,508631,Collaborer avec des experts en éthique pour évaluer les projets d'IA,2
E1405,125868,Google Analytics,1
M1880,482816,Communiquer avec les professionnels de santé pour collecter des informations,1
M1201,300382,"Réaliser une étude de marché, évaluer le potentiel d'un produit ou service",4
M1811,113317,Développer une application en lien avec une base de données,6
H3302,106408,Inspecter visuellement les produits finis pour détecter les défauts,2
M1802,300195,"Concevoir un logiciel, un système d'informations, une application",9
M1405,113798,Programmation en Python,3
M1855,300200,Exploiter des solutions de Data Science ou d'Intelligence Artificielle,3
D1420,117243,Etablir un devis,1
M1405,300198,"Paramétrer un logiciel, un outil, un système numérique",2
M1818,120803,Programmation logicielle,2
I1105,300258,Contrôler la qualité et la conformité des process,1
M1811,404139,Mastère spécialisé expert big data engineer,5
M1827,491247,Master mention informatique,4
H1215,300253,Contrôler la conformité des données,1
M1876,486963,Optimiser les performances des systèmes cloud,1
I1616,114975,"Réaliser un dépannage sur site ou le remorquage d'un engin (engin de chantier, machine agricole, etc.)",1
M1841,109851,Gestion des configurations,2
M1419,487088,Utiliser des logiciels statistiques pour le traitement de données,2
M1884,507946,Analyser les besoins de sécurité informatique,5
M1851,482446,Concevoir des systèmes de reporting pour le suivi des performances,1
M1879,505357,Diagnostiquer et résoudre les problèmes techniques du Cloud,8
M1879,486983,Surveiller les tendances du marché du cloud,8
K2402,300067,"Analyser, exploiter, structurer des données",2
M1801,120259,Installer un équipement informatique,1
K2108,108816,Logique mathématique,1
M1861,478668,Développement front-end et back-end,1
M1827,484489,Améliorer la qualité du code par des revues systématiques,2
H1215,477130,Méthodes de clustering et classification,1
M1718,484408,Optimiser la visibilité des publications sur les réseaux sociaux,4
M1717,119494,Management stratégique,1
I1306,300177,"Entretenir, nettoyer un produit ou du matériel",1
K1601,123389,Sélectionner des informations documentaires,1
M1405,120340,Procéder aux phases de tests et de recettes des applications développées,2
H1520,300258,Contrôler la qualité et la conformité des process,2
M1851,403441,Effectuer un reporting régulier à la hiérarchie,2
M1811,404185,Convaincre en argumentant avec un ou plusieurs interlocuteurs,2
M1802,491247,Master mention informatique,1
M1823,484156,Présenter les avantages techniques et commerciaux des produits,1
M1801,120298,"Système réseau (LAN, MAN, WAN)",1
M1889,494232,Evaluation de modèles d'IA,1
M1882,507592,Documenter les procédures de sécurité,1
M1405,300068,Réaliser une analyse ou modélisation statistique de données,2
M1211,117019,Méthodes et procédures de contrôle comptable,1
I1306,400553,"Déposer les appareils et tuyauteries obsolètes (changement, rénovation)",1
M1826,489283,Respecter les règles de sécurité,1
M1414,109527,Adapter les outils de traitement statistique de données,1
M1839,300195,"Concevoir un logiciel, un système d'informations, une application",2
D1106,300181,"Entretenir un équipement, une machine, une installation",1
M1703,485578,Collaborer avec des designers pour développer de nouveaux produits,1
M1707,300384,Elaborer une stratégie commerciale,1
M1405,400327,Déterminer l'opportunité de l'intégration d'outils d'intelligence artificielle et de data science dans le modèle d'affaires,1
K2108,300426,Utiliser les outils numériques,1
M1827,300458,"Structurer, synthétiser des informations",1
H1215,402226,Favoriser un environnement de travail collaboratif,1
M1806,400454,Evaluer les risques SIC (système information et communication),1
K2111,126285,Techniques de formation individuelle,1
M1894,117697,Contrôler la qualité d'une base de données,1
K1601,121718,Classer des documents,1
M1405,113255,Utilisation d'outils Business Intelligence (BI) - Informatique décisionnelle,1
M1861,300586,Concevoir et développer une solution digitale,1
M1804,101397,Modélisation et simulation,1
M1889,508617,Optimiser les performances des systèmes d'IA,58
M1806,109779,Modélisation informatique,1
M1811,113798,Programmation en Python,6
M1841,300579,Communiquer auprès de ses interlocuteurs internes et externes,1
H1206,124529,Déterminer des axes d'évolution technologiques,9
M1805,109846,Concevoir une application web,28
M1851,400367,Analyser des données pour prendre des décisions stratégiques,4
M1851,486360,Documenter les procédures d'analyse pour assurer la continuité,2
M1806,120347,Vérifier la conformité de fonctionnement et d'utilisation des systèmes d'information,1
M1811,400759,Intégrer des outils IA/Data Science,6
M1811,300202,"Déployer, intégrer un logiciel, un système d'informations, une application",6
M1811,120323,Modéliser une base de données,9
M1802,300495,Evaluer le résultat de ses actions,8
I1306,402191,"Lire et interpréter des données et documents techniques, au besoin en anglais",1
G1211,405029,Certificat de capacité analyste de la performance,1
M1872,120327,Analyser des données techniques pour optimiser les processus,1
K2202,300241,"Evaluer la mise en œuvre d'un projet, d'un plan d'action",1
M1852,300242,Déterminer des mesures correctives,3
M1834,117024,Proposer des améliorations pour augmenter l'efficacité des systèmes,1
K1304,489930,Entretenir les espaces de vie et le linge de la personne accompagnée,1
E1306,102948,Traiter textes et images en fonction des modes et des supports d'impression,1
M1405,300085,Conduire des travaux d'études et de recherche,11
M1827,479261,Optimisation des processus DevOps,3
M1827,300196,"Concevoir l'architecture d'un système, d'un réseau",1
M1827,484345,Surveiller le bon fonctionnement des machines,1
M1405,101315,Analyse de données expérimentales,1
M1405,101397,Modélisation et simulation,2
M1855,481378,Cybersécurité,1
M1873,482509,Communiquer efficacement par écrit les résultats des tests,3
M1851,400775,Analyser les indicateurs pertinents sur les tendances et les usages des clients,1
H1218,300488,Concevoir et gérer un projet,3
M1864,510692,Analyser les besoins des utilisateurs pour guider le développement de produits,1
M1419,491983,Analyse de données programmatiques,2
M1861,481937,Gestion de version de code,1
E1405,101399,Marketing (mercatique),1
M1201,300383,"Réaliser une veille de marché, une veille concurrentielle",4
H1208,104540,"Vérifier le programme d'automatisation par une série de tests sur plate-forme d'essais, en atelier, sur site",2
M1810,501949,Planifier les mises à jour systèmes sans interruption de service,2
M1810,484478,Développer des scripts pour automatiser les tâches,2
M1806,300196,"Concevoir l'architecture d'un système, d'un réseau",1
M1802,300488,Concevoir et gérer un projet,10
M1703,300366,Recueillir et analyser les besoins client,2
M1868,501387,Analyser les besoins des utilisateurs pour la gestion des données,1
M1895,109920,Restituer et mettre en forme les données géographiques pour l'édition cartographique,2
M1818,300586,Concevoir et développer une solution digitale,2
M1889,508629,Assurer la maintenance et l'actualisation des systèmes d'IA,2
M1405,404362,Analyser et traiter l'information à des fins d'anticipation,2
M1855,113317,Développer une application en lien avec une base de données,1
M1851,486359,Améliorer continuellement les méthodes d'analyse,1
M1405,300611,Gérer des données massives,2
M1823,125943,Optimiser une activité commerciale,1
M1811,404350,Piloter le déploiement de solutions innovantes,1
M1841,300688,Application web,3
M1419,501125,Concevoir des tableaux de bord pour le suivi des performances,3
M1880,402185,Participer à des projets de recherche et développement,1
H1101,126421,Effectuer le suivi technique des produits et leur évolution auprès des clients,1
M1201,121072,Anglais financier,1
F1117,118639,"Analyser les données d'une étude, d'un projet",2
M1718,123393,Gérer les campagnes publicitaires digitales,4
M1806,405431,Accompagner et former un client sur l'applicatif métier ou l'interface utilisateur,3
M1818,300199,"Développer un logiciel, un système d'informations, une application",1
M1806,493976,Développement de solutions informatiques,1
M1853,300366,Recueillir et analyser les besoins client,3
M1405,102732,Langages de programmation informatique,3
M1855,121054,Réaliser les essais de fonctionnement,3
M1855,404783,Collaborer avec des équipes multidisciplinaires,2
M1855,522155,Déployer le code de façon conteneurisée,5
M1855,109862,Architecture web,3
M1855,486523,Résoudre les problèmes techniques et bugs des sites,3
M1811,116349,Déploiement de services cloud (cloud computing),5
M1884,483975,"Documenter les procédures de sécurité, ainsi que les incidents",2
M1874,400659,Documenter les interventions et les anomalies rencontrées,1
M1806,300469,"Préparer et animer une réunion, un groupe de travail, un atelier",4
M1405,300458,"Structurer, synthétiser des informations",2
K1601,123307,Actualiser des données d'activité,1
M1827,119415,Logiciel de supervision,3
M1801,404167,Gérer et maitriser des bases de données (SQL/NoSQL),1
M1801,300679,"Tester un logiciel, un système d'informations, une application",2
M1508,100541,"Techniques de communication orales, écrites et numériques",2
M1201,121704,Analyse des risques financiers,1
H2605,103070,Lecture de plans et de schémas,1
M1806,503739,Assurer le support technique de niveau avancé,3
M1806,490266,Etre en capacité de travailler en mode projets,1
M1889,508626,Adapter les modèles d'IA aux changements de données ou de contexte,1
M1805,109794,Intelligence artificielle,1
M1818,118748,Méthodologie Scrum,1
H3302,300268,Conditionner des produits,2
M1102,117333,Attribuer un marché,2
M1827,400192,Optimiser les processus de qualité pour assurer la fiabilité des logiciels,3
M1818,110150,Anglais technique,1
I1616,300180,"Contrôler la conformité d'un équipement, d'une machine, d'une installation",1
M1872,300488,Concevoir et gérer un projet,1
D1416,300377,"Elaborer, adapter une proposition commerciale",1
M1855,300126,Créer une documentation technique,2
M1818,113277,Méthode AGILE,2
K2402,300144,Réaliser et vérifier des calculs de mathématiques généraux ou appliqués,1
A1303,300080,"Procéder à des tests, expérimentations",1
C1206,121281,"Analyser la situation financière d'un client : vérification de ses revenus, de ses dettes, des dispositifs légaux et de sa capacité de remboursement",1
M1806,300202,"Déployer, intégrer un logiciel, un système d'informations, une application",2
M1876,481843,Conformité et réglementations du cloud,1
H2605,122027,Définir l'implantation des éléments d'un équipement,1
G1211,300426,Utiliser les outils numériques,1
M1834,300204,Administrer un système d'informations,1
E1306,300280,Organiser le traitement des commandes,1
M1707,122534,Mettre en œuvre la stratégie commerciale de l'entreprise,1
M1423,126422,Analyser les tendances du marché pour anticiper les besoins,1
M1801,113277,Méthode AGILE,1
M1882,483974,Former les utilisateurs aux bonnes pratiques de sécurité informatique,1
M1882,486791,Implémenter des solutions de sécurité informatique,1
M1827,402275,Proposer des solutions innovantes pour résoudre des problèmes techniques,1
L1505,300114,Réaliser un montage son ou vidéo,1
I1616,105725,Connexion électrique,1
I1306,485420,Assurer la maintenance préventive de premier niveau des équipements,1
M1703,121691,Analyse des besoins des clients,1
M1703,484314,Analyser les retours clients pour améliorer les produits ou services,1
K1601,123009,Connaissance des Nouvelles Technologies de l'information et de la Communication (NTIC),1
K1601,300119,Réaliser une veille documentaire,1
M1826,109800,"Procéder au choix de réalisation, de traitement en interne ou par sous-traitance et en contrôler la conformité",1
M1855,521177,Sécurité des données et conformité RGPD,1
M1802,484932,Gérer les projets d'infrastructure IT,1
M1811,109870,Java,3
M1405,109527,Adapter les outils de traitement statistique de données,39
M1827,300586,Concevoir et développer une solution digitale,6
H1215,101315,Analyse de données expérimentales,2
M1811,300462,Rendre compte de son activité,4
M1876,300019,Accompagner l'appropriation d'un outil par ses utilisateurs,1
M1806,494049,Documentation technique,1
M1805,113281,Script Shell,2
M1851,486361,Planifier des sessions de brainstorming pour l'innovation en données,2
M1818,109862,Architecture web,2
M1818,116349,Déploiement de services cloud (cloud computing),1
M1811,403788,Mobiliser une vision stratégique et d'anticipation,1
K2205,104167,Caractéristiques des produits d'entretien,1
M1502,300004,Recruter et intégrer une personne,2
I1306,400681,Effectuer les réglages sur les machines et équipements dans un objectif de performance énergétique et environnementale de l'équipement,1
M1895,109916,Réaliser les relevés terrain et collecter des données alphanumériques et graphiques,2
M1810,300184,Apporter une assistance technique aux équipes,7
I1310,118673,Maintenance préventive et curative de deuxième niveau,1
M1855,481371,Gestion de projet informatique,2
M1884,109971,Diagnostiquer la nature et l'origine des incidents et mettre en oeuvre les mesures correctives,5
M1405,400707,Animer une démarche agile et innovante,2
M1419,116314,MySQL,5
M1801,120743,Système de Gestion de Bases de Données (SGBD),1
E1115,300077,"Créer, élaborer et identifier des concepts innovants",1
M1827,400759,Intégrer des outils IA/Data Science,3
M1811,403927,Collaborer dans un groupe pour réaliser un projet,8
M1405,100113,Logiciels de gestion de base de données,3
H1520,124680,Procédures de contrôle qualité,1
H3302,300208,Approvisionner une machine en matière première ou en produit,2
M1861,109846,Concevoir une application web,8
M1811,117691,Définir les solutions de stockage et de structuration des données,3
K1601,300426,Utiliser les outils numériques,1
M1405,117691,Définir les solutions de stockage et de structuration des données,2
G1302,300384,Elaborer une stratégie commerciale,1
M1813,300366,Recueillir et analyser les besoins client,2
M1814,300418,"Promouvoir une proposition, un projet",1
M1851,300458,"Structurer, synthétiser des informations",1
M1405,113312,"Optimiser des algorithmes, une application informatique et mettre en oeuvre leur développement",4
M1811,109794,Intelligence artificielle,6
M1801,121841,"Surveillance des systèmes de sécurité (pare-feu, VPN, systèmes de détection d'intrusion)",1
M1864,510971,Collabore avec les utilisateurs et l'équipe de développement sur les attentes et exigences,1
M1801,300204,Administrer un système d'informations,10
D1106,300282,"Entretenir, nettoyer un espace, un lieu, un local",1
M1419,117698,Concevoir des modèles de détection des insights consommateurs,1
H1215,300146,Elaborer des processus et des modes opératoires techniques,1
M1806,404223,Elaborer et suivre des tableaux de bord des incidents sécurité,1
M1811,300242,Déterminer des mesures correctives,3
M1717,508471,Gérer le budget alloué aux projets d'innovation,1
M1703,300383,"Réaliser une veille de marché, une veille concurrentielle",2
K2402,108784,"Déterminer et développer les méthodes de recherche, de recueil et d'analyse de données",2
A1303,125894,Déterminer des protocoles d'expérimentation,1
M1414,109528,Rédiger de l'information,1
C1206,300374,Présenter et valoriser un produit ou un service,1
M1801,484402,Documenter les procédures techniques pour les utilisateurs,1
M1204,122032,"Calculer les marges, la rentabilité d'un produit ou d'une activité",2
H1215,300452,"Collecter et analyser des données, des informations",2
M1718,300113,Concevoir des supports de communication et d'image,4
M1867,109797,Définir la stratégie des systèmes d'informations,4
M1827,113798,Programmation en Python,3
M1405,404370,Argumenter et anticiper les objections,1
G1302,300382,"Réaliser une étude de marché, évaluer le potentiel d'un produit ou service",1
M1707,115028,"Données d'activité de la structure, du service",1
M1851,400145,Proposer des pistes d'amélioration des solutions,1
M1405,113748,"Concevoir des modèles théoriques (calcul, simulation, modélisation)",1
K2108,300492,Actualiser régulièrement ses connaissances,1
K2108,122320,"Corriger des évaluations (exercices, travaux pratiques, examens)",1
H1215,402072,"Concevoir, conduire et vérifier des travaux d'analyse en laboratoire dans le respect des Bonnes Pratiques de Laboratoire (BPL)",1
L1505,125836,Régler des caméras,1
H1208,104552,Régulation et instrumentation,1
M1805,113798,Programmation en Python,3
M1806,479269,Gestion des risques informatiques,1
C1209,505180,Evaluer les risques associés aux clients et aux transactions,1
M1502,115692,Conduire un entretien de recrutement,1
H1215,300188,"Rédiger un cahier des charges, des spécifications techniques",1
M1717,482282,Encourager l'innovation responsable,1
C1209,123012,Analyser la recevabilité d'une demande de crédit,1
M1872,120325,Présenter les évolutions du système d'information au commanditaire,1
M1889,508619,Implémenter des solutions d'IA dans des environnements de production,2
K1304,107948,"Dépoussiérer les sols, les tapis, les meubles, les objets et aérer, désodoriser les pièces",4
M1811,120803,Programmation logicielle,2
M1811,404138,Master mention méthodes informatiques appliquées à la gestion des entreprises (MIAGE),2
I1404,106840,Configurer le poste de travail aux besoins de l'utilisateur,1
M1876,484474,Documenter les procédures techniques et les configurations,1
I1616,122776,Installer des équipements optionnels ou complémentaires d'adaptation aux engins de chantier,1
K2202,300152,Préparer du matériel en prévision d'un travail,1
M1818,121719,Coder des données,1
M1884,106844,Règles de sécurité Informatique et Télécoms,1
M1855,113277,Méthode AGILE,1
M1814,121028,Planifier et suivre les échéances de projet,1
M1823,116224,Construire des relations professionnelles durables avec les clients et les fournisseurs,1
K2108,482192,Optimiser les ressources pédagogiques disponibles,1
M1717,482278,Sensibiliser les équipes aux enjeux de la Responsabilité Sociétale et Environnementale (RSE),1
M1872,109818,Elaborer des solutions techniques et fonctionnelles,1
M1889,494932,Gestion de projets IA,1
M1405,402310,Traduire les demandes de l'entreprise en solutions techniques,1
M1801,477660,Sécurité des systèmes d'information,1
F1105,114279,"Concevoir des modèles géologiques théoriques, prédictifs de sols, sous-sols (calcul, simulation, modélisation)",1
M1827,300242,Déterminer des mesures correctives,105
M1889,504455,Respecter les normes éthiques dans le développement de l'IA,1
M1419,109529,Communiquer les résultats des études aux parties prenantes,66
M1419,478203,Analyse de données opérationnelles,5
M1405,300457,Définir et faire évoluer des procédés de traitement de l'information,37
H1215,300470,"Travailler en groupe, en réseau",1
M1876,505354,Configurer des serveurs pour des applications Cloud,1
M1810,501946,Mettre en place des solutions de sauvegarde et de récupération des données,2
M1811,404167,Gérer et maitriser des bases de données (SQL/NoSQL),12
M1889,508628,Documenter les processus et les architectures d'IA,50
M1894,501389,Documenter les procédures de gestion des bases de données,1
M1827,484487,Assurer la sécurité des pipelines de CI/CD,5
M1861,300688,Application web,8
M1855,119712,Conception d'interfaces utilisateur (UI),1
M1814,400707,Animer une démarche agile et innovante,1
M1839,115801,Gérer la sécurité informatique,1
M1811,400568,Paramétrer un logiciel métier et l'interfacer à d'autres applicatifs,5
M1801,116765,Maintenance de matériel informatique,1
M1811,110150,Anglais technique,12
M1806,485330,Assurer la formation des utilisateurs sur les nouveaux outils ou systèmes,2
M1873,113312,"Optimiser des algorithmes, une application informatique et mettre en oeuvre leur développement",2
M1419,113798,Programmation en Python,4
M1201,124418,Réaliser un modèle de prévision,4
M1818,405291,Faciliter l'intégration de solutions d'intelligence artificielle dans les projets existants,1
H1206,300488,Concevoir et gérer un projet,10
M1703,300075,"Créer, concevoir de nouveaux produits ou des améliorations produits",1
M1405,400367,Analyser des données pour prendre des décisions stratégiques,3
F1105,103272,Géologie,1
D1106,300374,Présenter et valoriser un produit ou un service,1
M1405,124418,Réaliser un modèle de prévision,2
M1841,300418,"Promouvoir une proposition, un projet",1
M1805,484914,Collaborer avec les développeurs pour améliorer la qualité du logiciel,3
C1209,492912,Connaissance des indicateurs de risque de blanchiment,1
M1703,300207,Maîtriser les caractéristiques d'un produit ou d'un matériau,2
M1828,300469,"Préparer et animer une réunion, un groupe de travail, un atelier",2
M1855,400199,Analyser les besoins informatiques,3
K2205,300282,"Entretenir, nettoyer un espace, un lieu, un local",2
K1808,118949,Collaborer avec des partenaires institutionnels,1
M1815,300679,"Tester un logiciel, un système d'informations, une application",3
M1405,300428,Utiliser des logiciels spécifiques,2
M1811,109979,Surveiller le fonctionnement d'applicatifs et logiciels,3
M1855,300679,"Tester un logiciel, un système d'informations, une application",3
M1502,300350,Négocier un contrat,1
M1873,116397,Traiter des données,3
M1508,108375,Méthode de Gestion Prévisionnelle des Emplois et des Compétences (GPEC),1
M1851,126422,Analyser les tendances du marché pour anticiper les besoins,1
I1401,106840,Configurer le poste de travail aux besoins de l'utilisateur,1
H2605,105775,"Vérifier le montage et le câblage (valeur des composants, continuité électrique, etc.)",1
H1218,124529,Déterminer des axes d'évolution technologiques,3
K1601,520280,"Gérer des ressources documentaires multi supports : acquisition, traitement (analyse, indexation, catalogage) et conservation du fonds",1
M1502,109565,"Analyser les besoins de l'entreprise en formation, en recrutement et en mobilité professionnelle",2
D1102,300282,"Entretenir, nettoyer un espace, un lieu, un local",1
M1802,479811,Administration de pare-feu,1
K2108,104548,Informatique,1
M1419,121983,Assister une structure dans l'interprétation et l'analyse d'une étude,2
I1616,106979,Principe de fonctionnement d'un moteur diesel,1
M1895,109918,Identifier et interpréter les données et caractéristiques géographiques et analyser les résultats,2
M1806,503735,Proposer des améliorations pour les systèmes existants,2
I1310,300080,"Procéder à des tests, expérimentations",1
M1855,479254,Virtualisation des serveurs,1
M1811,118428,Modèle informatique client-serveur,1
M1419,501122,Analyser des données pour identifier des tendances,2
M1419,501123,Optimiser des processus d'analyse de données,2
M1806,109794,Intelligence artificielle,1
I1306,300185,Réaliser un diagnostic technique,1
M1868,501385,Assurer la sécurité des données,1
K1601,300452,"Collecter et analyser des données, des informations",1
M1836,119245,Collaborer avec une équipe projet,1
K2402,504140,Collaborer avec des équipes interdisciplinaires pour des études complexes,1
M1806,486790,Optimiser l'utilisation des ressources informatiques,1
H1215,482454,Communiquer des résultats de recherche à des non-spécialistes,1
H1215,300469,"Préparer et animer une réunion, un groupe de travail, un atelier",1
M1810,300203,Gérer une base de données numériques,1
I1616,300486,"Superviser des opérations, des actions",1
M1717,508467,Développer des stratégies d'innovation adaptées aux besoins du marché,1
I1306,300181,"Entretenir un équipement, une machine, une installation",1
M1827,113330,"Superviser, coordonner les réalisations ou développements informatiques (collaborateurs, sous-traitants)",1
M1889,508634,Conduire des revues de code pour assurer la qualité des développements d'IA,1
M1855,491536,Licence mention informatique,1
M1843,300204,Administrer un système d'informations,1
M1851,486353,Evaluer l'efficacité des outils analytiques,1
M1801,300149,"Evaluer, prévenir, et gérer les risques et la sécurité",1
K2108,497176,Rédaction de publications scientifiques,1
H1215,500668,Gérer la documentation technique et les archives de projets,1
M1805,484038,Promouvoir la collaboration entre les développeurs et les opérateurs pour une meilleure intégration,1
M1717,300245,"Piloter une démarche qualité, un processus d'amélioration continue",1
I1306,485122,Planifier les interventions en fonction des disponibilités des clients,1
M1855,486526,Développer des outils de monitoring pour les performances web,1
M1864,120325,Présenter les évolutions du système d'information au commanditaire,19
M1889,492668,Connaissance approfondie en mathématiques,7
M1827,300450,Respecter la confidentialité des informations,2
M1419,482516,Développer des tableaux de bord pour suivre les indicateurs de performance (KPI),3
M1211,119405,Procédures de contrôle comptable,1
M1806,300679,"Tester un logiciel, un système d'informations, une application",2
M1802,300149,"Evaluer, prévenir, et gérer les risques et la sécurité",1
M1864,120326,Recenser les besoins du commanditaire,20
M1852,109979,Surveiller le fonctionnement d'applicatifs et logiciels,1
I1306,402142,"Etablir les préconisations et les recommandations d'utilisation, de mise en service, de démontage ou d'entretien",1
I1306,489513,Gérer les stocks de matériel de maintenance et de pièces de rechange,1
M1419,300452,"Collecter et analyser des données, des informations",3
K2111,300026,Concevoir l'ingénierie de formation et les séquences pédagogiques,2
M1405,115921,Big data Analytics,2
M1864,109818,Elaborer des solutions techniques et fonctionnelles,20
M1419,100113,Logiciels de gestion de base de données,1
M1855,400192,Optimiser les processus de qualité pour assurer la fiabilité des logiciels,2
M1813,300579,Communiquer auprès de ses interlocuteurs internes et externes,2
M1813,300188,"Rédiger un cahier des charges, des spécifications techniques",2
M1811,113255,Utilisation d'outils Business Intelligence (BI) - Informatique décisionnelle,5
C1206,122889,Collecter l'ensemble des justificatifs clients,1
K2402,511889,Interpréter des données dans un contexte scientifique et développer des théories,1
M1430,109529,Communiquer les résultats des études aux parties prenantes,2
M1889,493946,Développement de produits basés sur l'IA,7
M1889,487086,Développer des algorithmes pour l'analyse de données,8
M1873,504447,Concevoir des architectures de systèmes embarqués pour l'IA,2
M1811,109763,Système d'exploitation Linux,5
H1215,477124,Gestion de bases de données biologiques,1
M1508,300004,Recruter et intégrer une personne,2
H1208,104536,Réaliser l'analyse fonctionnelle de l'installation et la décliner en un programme d'automatisation,2
M1805,484119,Gérer les versions de logiciels et leurs mises à jour,1
M1818,300488,Concevoir et gérer un projet,1
I1616,104547,Pneumatique,4
M1851,113255,Utilisation d'outils Business Intelligence (BI) - Informatique décisionnelle,6
M1827,300411,Parler une ou plusieurs langues étrangères,3
M1405,402213,Mobiliser des données massives pour éclairer les prises de décisions,3
M1419,115921,Big data Analytics,3
I1404,126530,Dépanner des équipements informatiques,1
K2108,120501,Concevoir des modules de formation,1
K2108,108475,Développer une démarche pédagogique pour l'enseignement des savoirs fondamentaux,1
M1880,507032,Concevoir des solutions numériques adaptées au secteur de la santé,1
M1851,486355,Collaborer avec les équipes pour comprendre les besoins en données,2
M1851,116942,Réaliser un audit,2
M1805,113317,Développer une application en lien avec une base de données,3
M1802,109814,Réseaux informatiques et télécoms,1
I1616,107034,Spécificités d'un moteur électrique,1
M1811,300492,Actualiser régulièrement ses connaissances,4
M1889,508635,Planifier des projets d'IA en tenant compte des contraintes de temps et de budget,2
M1895,119407,Utilisation de logiciels de cartographie,1
M1827,300488,Concevoir et gérer un projet,3
I1105,483054,Assurer la conformité des installations avec les normes en vigueur,1
D1102,124959,Cuire des pièces de viennoiserie,1
M1811,115531,"Sélectionner, assembler et intégrer des composants informatiques (progiciels, bases de données, développements spécifiques, ...)",5
H1215,300462,Rendre compte de son activité,1
M1810,400451,Agir rapidement en cas de panne pour minimiser les interruptions,1
M1867,300488,Concevoir et gérer un projet,4
M1717,503850,Argumenter pour obtenir des financements,1
H1218,119161,Identifier les contraintes d'un projet,3
M1852,300688,Application web,3
M1811,402039,Anticiper les risques de cybersécurité,1
K1601,121319,Maintenir une documentation précise et à jour,1
D1420,102318,"Etablir un plan de tournée de prospection (ciblage, interlocuteurs, préparation de dossiers techniques)",1
M1405,109764,Système d'exploitation Windows,1
M1419,492631,Conception de tableaux de bord de gestion,3
M1823,400723,Analyser les besoins des clients pour proposer des services adaptés,1
H1520,126037,Suivre les évolutions réglementaires,1
M1805,300641,Piloter les fonctionnalités des équipements et systèmes de sécurité informatique,2
M1805,300679,"Tester un logiciel, un système d'informations, une application",1
M1851,403933,Garantir la confidentialité des informations,2
M1851,300469,"Préparer et animer une réunion, un groupe de travail, un atelier",2
I1616,100017,Règles de sécurité,1
H1520,124842,Contrôler des données qualité,2
E1306,102946,"Saisir le texte ou réaliser la maquette à partir du manuscrit, pré-projet, brouillon",1
M1873,300682,Travailler en réseau et coopérer avec des profils métiers diversifiés,2
H2502,300312,Mettre en place des solutions d'amélioration de la performance,3
M1861,109862,Architecture web,1
M1827,479267,Optimisation de la performance des systèmes,2
H1215,482455,Respecter les normes de confidentialité des données génétiques,1
M1405,513457,Utiliser l'anglais dans un contexte professionnel,2
K1808,300123,"Créer, organiser ou coordonner un évènement",1
M1818,478668,Développement front-end et back-end,2
K1304,102096,Normes d'hygiène et de propreté,4
M1813,109870,Java,2
M1801,115552,Gérer les droits d'accès des utilisateurs,1
E1115,118943,"Défendre un projet devant un comité de pilotage, des collaborateurs ou des partenaires",1
M1811,400707,Animer une démarche agile et innovante,1
K2108,108517,"Concevoir et préparer les cours, les travaux dirigés ou les travaux pratiques",1
L1505,125763,Installer le matériel et les équipements sur un lieu de tournage,1
M1818,102788,HTML,1
M1717,494990,Gestion des brevets et propriété intellectuelle,1
M1855,486412,Implémenter des mesures de sécurité informatique,1
M1802,491238,Expert en ingénierie des systèmes (MS),1
M1864,300366,Recueillir et analyser les besoins client,1
I1620,104547,Pneumatique,1
M1827,106861,Intégration de systèmes,1
M1894,102612,Actualiser des bases de données,1
M1884,491243,"Ingénieur diplômé de l'école supérieure d'informatique, électronique, automatique",1
G1302,101399,Marketing (mercatique),1
M1801,124908,Protection des données numériques,1
M1827,484485,Configurer et optimiser des systèmes DevOps,98
M1811,300067,"Analyser, exploiter, structurer des données",130
M1827,300188,"Rédiger un cahier des charges, des spécifications techniques",107
M1805,400199,Analyser les besoins informatiques,5
M1806,486880,Analyser les besoins fonctionnels des utilisateurs,6
M1419,116402,Formaliser les résultats d'une étude statistique de données,3
H1215,300085,Conduire des travaux d'études et de recherche,1
M1811,404328,Assurer la maintenance préventive et les améliorations des infrastructures numériques,3
M1811,300449,Expliquer et faire respecter les règles et procédures,3
M1811,404121,Data engineer,7
M1703,300386,"Elaborer un plan marketing, une stratégie de marque et de communication",1
K2202,121239,Délimiter un périmètre de sécurité,1
M1884,485379,Concevoir des architectures réseau optimisées,2
K1601,300431,"Mettre à jour un dossier, une base de données",1
M1818,109846,Concevoir une application web,7
M1811,513457,Utiliser l'anglais dans un contexte professionnel,6
M1419,300067,"Analyser, exploiter, structurer des données",9
D1102,300181,"Entretenir un équipement, une machine, une installation",1
M1813,300492,Actualiser régulièrement ses connaissances,2
M1811,300019,Accompagner l'appropriation d'un outil par ses utilisateurs,4
M1801,300615,Gérer les risques de cybersécurité,1
F1105,103157,"Interpréter les relevés géologiques de sols, sous-sols, roches et étudier les caractéristiques (étendues, compositions, géométrie, etc.)",1
M1806,403448,Communiquer efficacement avec l'équipe et les clients,2
H1520,300245,"Piloter une démarche qualité, un processus d'amélioration continue",2
M1851,300406,Ecrire une ou plusieurs langues étrangères,1
M1806,486791,Implémenter des solutions de sécurité informatique,1
M1717,300452,"Collecter et analyser des données, des informations",1
K2205,126141,Baliser les zones glissantes,1
M1435,522194,Analyser les écarts ou incohérences dans les données,1
G1211,123324,Collecter des données statistiques,1
M1855,300586,Concevoir et développer une solution digitale,4
M1855,402277,Rédiger et élaborer des notices et fiches techniques,2
E1306,300407,Corriger et mettre en forme un document,1
M1884,300184,Apporter une assistance technique aux équipes,2
M1805,491242,Ingénieur diplômé de l'école nationale supérieure d'informatique pour l'industrie et l'entreprise spécialité informatique,1
M1882,507589,Concevoir des architectures de sécurité,1
M1827,300587,Concevoir et maintenir un système de cybersécurité,1
M1805,102788,HTML,1
M1806,400367,Analyser des données pour prendre des décisions stratégiques,3
M1806,300398,Optimiser la performance de l'organisation,1
M1802,109854,Systèmes d'exploitation informatique,2
M1841,300679,"Tester un logiciel, un système d'informations, une application",3
M1405,404156,DRT modélisation calcul scientifique statistique et informatique,1
M1889,300200,Exploiter des solutions de Data Science ou d'Intelligence Artificielle,3
M1889,405291,Faciliter l'intégration de solutions d'intelligence artificielle dans les projets existants,2
M1811,300586,Concevoir et développer une solution digitale,4
M1851,486357,Evaluer l'impact des changements stratégiques sur les indicateurs de performance (KPI),1
H1215,120935,Techniques de machine learning en bioinformatique,1
H1208,104537,Paramétrer un programme d'automatisation pour un automate programmable,2
I1616,107035,Spécificités d'un moteur essence,1
M1405,404369,Piloter les étapes d'un projet agile et innovant,2
M1405,109870,Java,2
K2108,115287,Présider ou participer à un jury d'examen,1
I1616,300182,"Réparer un équipement, une machine, une installation",1
I1306,106740,"Positionner et fixer les groupes, condenseurs, tubes, câbles électriques",1
I1306,300462,Rendre compte de son activité,1
M1852,300366,Recueillir et analyser les besoins client,3
M1884,487128,Analyser les risques de sécurité pour les systèmes informatiques,1
M1405,121638,Analyser et prévenir les risques,2
I1105,123083,Evaluer les besoins et les impératifs d'exploitation d'une infrastructure,1
M1502,300007,Gérer la mobilité et les parcours professionnels,1
M1405,115914,Economie du développement durable,1
M1827,400298,Elaborer et mettre en oeuvre un plan de tests,1
M1419,300201,Intégrer des produits Data dans les processus métiers,1
M1806,507960,Assurer la liaison entre les différents départements techniques,1
I1310,106679,Changer ou réparer une pièce ou un ensemble défectueux,1
M1818,503407,Faciliter l'adoption de nouvelles technologies,2
M1801,300067,"Analyser, exploiter, structurer des données",1
M1889,498956,Techniques d'optimisation pour IA,1
M1419,108784,"Déterminer et développer les méthodes de recherche, de recueil et d'analyse de données",1
H1101,300185,Réaliser un diagnostic technique,1
C1209,123187,Evaluer la solvabilité d'un créditeur et les risques,1
M1836,300067,"Analyser, exploiter, structurer des données",1
M1811,109779,Modélisation informatique,1
M1801,113235,Apache,1
M1801,400298,Elaborer et mettre en oeuvre un plan de tests,1
M1889,486358,Intégrer des considérations éthiques dans l'analyse de données,1
H1215,300492,Actualiser régulièrement ses connaissances,1
M1851,125901,Mettre en place des outils d'aide à la décision,1
H1208,104535,Concevoir les spécifications de l'installation automatisée en fonction du cahier des charges,2
M1806,300083,Elaborer une stratégie de résolution de problèmes,1
M1806,477660,Sécurité des systèmes d'information,1
M1717,504654,Préparer et présenter des rapports financiers détaillés aux parties prenantes,1
D1102,126290,Bouler et effectuer la tourne ou le façonnage des pâtons,1
M1814,300488,Concevoir et gérer un projet,1
M1801,491506,"Administrateur systèmes, réseaux et sécurité",1
M1811,404330,Piloter des opérations de tests informatiques,4
H2502,300175,"Piloter la gestion de la production, de l'exploitation",3
M1806,483667,Assurer une communication claire et efficace avec l'équipe,5
M1405,300200,Exploiter des solutions de Data Science ou d'Intelligence Artificielle,5
M1855,109846,Concevoir une application web,33
M1806,491247,Master mention informatique,1
M1810,300204,Administrer un système d'informations,9
M1810,109971,Diagnostiquer la nature et l'origine des incidents et mettre en oeuvre les mesures correctives,8
M1810,115552,Gérer les droits d'accès des utilisateurs,2
M1818,121126,Progiciels de gestion intégrée d'entreprise (ERP),1
I1616,121054,Réaliser les essais de fonctionnement,1
M1717,477206,Analyse de performance,1
M1805,300688,Application web,25
M1895,109922,Formaliser des données cartographiques et les diffuser sur des réseaux d'information,1
E1306,124623,Sélectionner des documents et images dans une base documentaire,1
M1827,119245,Collaborer avec une équipe projet,17
M1827,400184,Gérer et déployer des logiciels à distance,2
M1405,109758,Système d'exploitation Unix,1
M1804,300488,Concevoir et gérer un projet,1
C1206,300377,"Elaborer, adapter une proposition commerciale",1
M1827,300199,"Développer un logiciel, un système d'informations, une application",17
M1806,300458,"Structurer, synthétiser des informations",5
M1880,122645,Concevoir un projet de santé,1
M1211,300449,Expliquer et faire respecter les règles et procédures,1
M1851,117209,Améliorer les processus de reporting financier,2
M1818,491247,Master mention informatique,1
M1828,300449,Expliquer et faire respecter les règles et procédures,2
M1419,300377,"Elaborer, adapter une proposition commerciale",1
K1601,102226,Normes rédactionnelles,1
M1419,113255,Utilisation d'outils Business Intelligence (BI) - Informatique décisionnelle,2
M1811,404054,"Maîtrise d'un outil de gestion de flux (Kafka, Flink…)",8
M1811,300184,Apporter une assistance technique aux équipes,3
M1801,120271,Déterminer les causes de dysfonctionnements,2
K2402,482487,Maintenir une veille scientifique et réglementaire,1
M1811,400145,Proposer des pistes d'amélioration des solutions,5
M1818,300188,"Rédiger un cahier des charges, des spécifications techniques",8
M1806,106861,Intégration de systèmes,1
M1811,300077,"Créer, élaborer et identifier des concepts innovants",1
M1419,479840,Analyse de données client,4
G1211,300408,"Rédiger un rapport, un compte rendu d'activité",1
M1405,499066,Utilisation de logiciels d'analyse statistique,1
M1889,508633,Gérer les risques associés aux technologies d'IA,2
M1836,300366,Recueillir et analyser les besoins client,1
M1855,484482,Gérer les bases de données et assurer leur intégrité,1
G1302,300312,Mettre en place des solutions d'amélioration de la performance,1
M1873,504453,Documenter les spécifications techniques des projets IA embarqués,1
M1879,499611,Superviser les opérations de migration de données,8
K2108,504174,Intégrer de nouvelles technologies éducatives dans l'enseignement,1
K2108,485982,Promouvoir les méthodes pédagogiques innovantes,1
E1405,122455,Sélectionner des canaux de communication,1
H1215,300126,Créer une documentation technique,1
M1860,300195,"Concevoir un logiciel, un système d'informations, une application",5
M1818,300067,"Analyser, exploiter, structurer des données",1
M1717,402203,Coordonner les équipes de développement ou de production pour respecter les délais,1
M1811,121066,Gestion des risques (Risk Management),1
A1303,121028,Planifier et suivre les échéances de projet,1
M1419,501128,Communiquer des insights clés aux parties prenantes,2
K2402,108788,Présenter et expliciter les avancées scientifiques et les travaux de recherche,1
M1419,513457,Utiliser l'anglais dans un contexte professionnel,4
M1419,405051,Concevoir un plan d'analyse statistique,1
H1215,300451,Relayer de l'information,2
H1215,102732,Langages de programmation informatique,2
L1505,100518,Techniques de montage audiovisuel,1
M1405,117218,Application des méthodes de machine learning dans BI,2
M1895,109917,"Sélectionner, traiter et réaliser l'analyse spatiale de données géographiques",2
M1836,109846,Concevoir une application web,1
D1102,101738,"Caractéristiques des farines levure, additifs",1
M1801,485329,Assurer la maintenance des systèmes,1
M1882,487128,Analyser les risques de sécurité pour les systèmes informatiques,1
M1851,403421,Assurer le suivi des chiffres de vente et réaliser le reporting associé,1
I1401,300082,"Analyser, résoudre un problème courant ou complexe",1
M1876,486975,Assurer la conformité réglementaire des solutions cloud,1
M1810,484475,Former les utilisateurs aux nouvelles technologies,1
M1818,109779,Modélisation informatique,1
M1889,491917,Adaptation des IA aux besoins spécifiques,1
M1828,484635,Assurer la conformité des livrables de projet,2
M1828,121028,Planifier et suivre les échéances de projet,2
M1836,113312,"Optimiser des algorithmes, une application informatique et mettre en oeuvre leur développement",1
K1304,300551,Entretenir le linge de maison et les vêtements,2
M1823,300367,Conseiller dans le cadre d'une relation commerciale,1
M1801,109854,Systèmes d'exploitation informatique,1
M1805,485121,Maintenir à jour la documentation technique et les manuels d'utilisation,1
D1416,300384,Elaborer une stratégie commerciale,1
M1707,300067,"Analyser, exploiter, structurer des données",1
M1814,300579,Communiquer auprès de ses interlocuteurs internes et externes,1
M1851,400759,Intégrer des outils IA/Data Science,1
K2108,504177,Stimuler la participation étudiante en classe,1
M1827,120803,Programmation logicielle,1
M1841,400199,Analyser les besoins informatiques,1
